Datetime,Outdoor Temperature (°C),Feels Like (°C),Dew Point (°C),Wind Speed (m/sec),Wind Gust (m/sec),Max Daily Gust (m/sec),Wind Direction (°),Hourly Rain (mm/hr),Event Rain (mm),Daily Rain (mm),Weekly Rain (mm),Monthly Rain (mm),Yearly Rain (mm),Humidity (%),Ultra-Violet Radiation Index,Solar Radiation (W/m^2),Outdoor Battery,Avg Wind Direction (10 mins) (°),Avg Wind Speed (10 mins) (m/sec)
2023-04-01 00:00:00,27.29,30.15,23.15,0.72,1.33,2.55,142.83,0.00,0.00,0.00,1.00,0.00,1093.10,78.25,0.00,0.00,1.00,140.83,0.67
2023-04-01 01:00:00,26.97,29.68,23.23,0.62,0.92,2.60,141.42,0.00,0.00,0.00,1.00,0.00,1093.10,80.25,0.00,0.00,1.00,147.67,0.49
2023-04-01 02:00:00,26.89,29.57,23.32,0.29,0.71,2.60,169.50,0.00,0.00,0.00,1.00,0.00,1093.10,81.08,0.00,0.00,1.00,159.92,0.48
2023-04-01 03:00:00,26.94,29.58,23.12,0.42,0.79,2.60,167.42,0.00,0.00,0.00,1.00,0.00,1093.10,79.92,0.00,0.00,1.00,171.92,0.45
2023-04-01 04:00:00,26.84,29.25,22.77,0.33,0.62,2.60,193.08,0.00,0.00,0.00,1.00,0.00,1093.10,78.58,0.00,0.00,1.00,186.08,0.32
2023-04-01 05:00:00,26.76,29.07,22.95,0.33,0.67,2.60,210.67,0.00,0.00,0.00,1.00,0.00,1093.10,79.75,0.00,0.00,1.00,215.50,0.34
2023-04-01 06:00:00,26.46,27.34,23.41,0.14,0.46,2.60,217.33,0.00,0.00,0.00,1.00,0.00,1093.10,83.25,0.00,21.41,1.00,216.17,0.08
2023-04-01 07:00:00,27.03,30.00,23.68,0.23,0.71,2.60,189.67,0.00,0.00,0.00,1.00,0.00,1093.10,81.92,0.08,60.88,1.00,197.08,0.27
2023-04-01 08:00:00,28.33,31.94,23.29,0.50,1.04,2.60,202.75,0.00,0.00,0.00,1.00,0.00,1093.10,74.33,1.67,223.17,1.00,190.25,0.53
2023-04-01 09:00:00,30.93,34.59,22.14,1.07,2.04,2.85,204.50,0.00,0.00,0.00,1.00,0.00,1093.10,59.83,4.58,518.83,1.00,200.50,0.91
2023-04-01 10:00:00,32.13,35.98,21.97,1.06,1.81,3.10,186.17,0.00,0.00,0.00,1.00,0.00,1093.10,55.17,4.67,535.42,1.00,190.92,0.93
2023-04-01 11:00:00,33.40,38.25,22.62,1.04,1.84,3.10,134.00,0.00,0.00,0.00,1.00,0.00,1093.10,53.50,5.83,662.17,1.00,192.17,0.93
2023-04-01 12:00:00,34.78,40.75,23.28,0.75,1.56,3.10,193.92,0.00,0.00,0.00,1.00,0.00,1093.10,51.50,6.17,682.76,1.00,160.83,0.78
2023-04-01 13:00:00,33.22,38.56,23.09,1.43,3.19,4.52,168.83,0.00,0.00,0.00,1.00,0.00,1093.10,55.67,2.08,266.40,1.00,177.00,1.59
2023-04-01 14:00:00,32.73,37.90,23.10,1.53,2.99,5.60,178.92,0.00,0.00,0.00,1.00,0.00,1093.10,57.08,3.25,379.78,1.00,160.83,1.63
2023-04-01 15:00:00,31.52,35.82,22.64,1.33,2.34,5.60,208.33,0.00,0.00,0.00,1.00,0.00,1093.10,59.58,1.17,169.03,1.00,211.83,1.19
2023-04-01 16:00:00,32.35,37.12,22.87,0.45,0.96,5.60,208.17,0.00,0.00,0.00,1.00,0.00,1093.10,57.50,1.33,200.93,1.00,211.83,0.52
2023-04-01 17:00:00,31.73,36.18,22.72,1.91,3.09,5.93,140.33,0.00,0.00,0.00,1.00,0.00,1093.10,59.00,0.42,96.27,1.00,143.17,1.59
2023-04-01 18:00:00,30.01,34.10,22.96,1.18,2.75,6.10,125.92,0.00,0.00,0.00,1.00,0.00,1093.10,66.08,0.00,5.81,1.00,124.08,1.40
2023-04-01 19:00:00,29.09,33.32,23.53,0.80,1.52,6.10,151.58,0.00,0.00,0.00,1.00,0.00,1093.10,72.08,0.00,0.00,1.00,150.00,0.73
2023-04-01 20:00:00,28.41,32.55,23.88,1.55,2.60,6.10,133.08,0.00,0.00,0.00,1.00,0.00,1093.10,76.58,0.00,0.00,1.00,133.00,1.32
2023-04-01 21:00:00,28.03,31.93,23.91,0.61,1.57,6.10,146.00,0.00,0.00,0.00,1.00,0.00,1093.10,78.42,0.00,0.00,1.00,152.92,0.67
2023-04-01 22:00:00,27.70,31.29,23.75,0.45,0.92,6.10,162.00,0.00,0.00,0.00,1.00,0.00,1093.10,79.25,0.00,0.00,1.00,160.67,0.48
2023-04-01 23:00:00,27.30,30.46,23.64,0.33,0.88,6.10,150.58,0.00,0.00,0.00,1.00,0.00,1093.10,80.50,0.00,0.00,1.00,164.25,0.35
2023-04-02 00:00:00,27.03,29.80,23.27,0.51,1.08,1.83,160.92,0.00,0.00,0.00,0.00,0.00,1093.10,80.00,0.00,0.00,1.00,170.33,0.54
2023-04-02 01:00:00,26.73,28.82,23.16,0.22,0.50,2.00,166.50,0.00,0.00,0.00,0.00,0.00,1093.10,80.83,0.00,0.00,1.00,183.50,0.10
2023-04-02 02:00:00,26.66,28.62,23.22,0.15,0.50,2.00,185.67,0.00,0.00,0.00,0.00,0.00,1093.10,81.42,0.00,0.00,1.00,172.17,0.23
2023-04-02 03:00:00,26.26,27.11,23.26,0.09,0.46,2.00,223.83,0.00,0.00,0.00,0.00,0.00,1093.10,83.50,0.00,0.00,1.00,222.25,0.06
2023-04-02 04:00:00,26.42,27.24,23.10,0.53,0.96,2.35,246.50,0.00,0.00,0.00,0.00,0.00,1093.10,81.92,0.00,0.00,1.00,243.42,0.53
2023-04-02 05:00:00,26.21,27.01,22.60,0.46,0.75,2.60,227.83,0.00,0.00,0.00,0.00,0.00,1093.10,80.67,0.00,0.00,1.00,231.58,0.40
2023-04-02 06:00:00,25.65,26.44,22.53,0.21,0.46,2.60,241.00,0.00,0.00,0.00,0.00,0.00,1093.10,82.92,0.00,22.28,1.00,227.42,0.13
2023-04-02 07:00:00,27.17,29.57,22.92,0.38,1.00,2.60,252.67,0.00,0.00,0.00,0.00,0.00,1093.10,77.67,0.67,129.36,1.00,240.00,0.41
2023-04-02 08:00:00,28.54,32.45,23.48,1.01,1.68,2.60,235.08,0.00,0.00,0.00,0.00,0.00,1093.10,74.25,2.58,310.12,1.00,239.17,0.89
2023-04-02 09:00:00,29.66,34.18,23.53,0.54,1.46,2.60,209.50,0.00,0.00,0.00,0.00,0.00,1093.10,69.83,3.08,364.22,1.00,211.50,0.73
2023-04-02 10:00:00,30.25,35.17,23.67,0.97,1.76,3.10,235.75,0.00,0.00,0.00,0.00,0.00,1093.10,68.00,3.00,353.25,1.00,252.42,1.04
2023-04-02 11:00:00,32.15,38.43,24.23,1.24,2.15,3.35,267.25,0.00,0.00,0.00,0.00,0.00,1093.10,63.08,6.83,735.90,1.00,241.83,1.04
2023-04-02 12:00:00,33.01,39.48,24.14,1.21,2.25,3.60,232.83,0.00,0.00,0.00,0.00,0.00,1093.10,59.83,5.33,598.21,1.00,218.17,1.18
2023-04-02 13:00:00,33.85,40.65,24.18,1.22,1.98,3.60,222.33,0.00,0.00,0.00,0.00,0.00,1093.10,57.25,5.08,570.63,1.00,242.00,1.11
2023-04-02 14:00:00,34.95,41.73,23.88,1.12,2.38,3.93,196.75,0.00,0.00,0.00,0.00,0.00,1093.10,53.00,3.92,459.99,1.00,205.58,1.15
2023-04-02 15:00:00,33.58,40.33,24.22,1.51,2.50,4.14,142.83,0.00,0.00,0.00,0.00,0.00,1093.10,58.17,1.50,191.14,1.00,152.75,1.25
2023-04-02 16:00:00,30.88,35.96,23.56,0.72,1.67,4.60,180.50,0.85,0.56,0.56,0.56,0.56,1093.66,65.58,0.50,94.89,1.00,171.75,0.98
2023-04-02 17:00:00,30.85,37.91,25.27,0.33,0.71,4.60,172.92,0.00,1.00,1.00,1.00,1.00,1094.10,72.42,0.00,67.61,1.00,177.75,0.29
2023-04-02 18:00:00,29.33,33.61,23.43,0.55,1.78,4.60,141.75,0.00,1.00,1.00,1.00,1.00,1094.10,70.67,0.00,6.23,1.00,115.67,0.58
2023-04-02 19:00:00,28.61,32.11,22.91,1.06,2.20,4.60,107.08,0.00,1.00,1.00,1.00,1.00,1094.10,71.42,0.00,0.00,1.00,111.00,1.05
2023-04-02 20:00:00,28.20,31.57,22.95,1.06,2.18,4.60,105.75,0.00,1.00,1.00,1.00,1.00,1094.10,73.33,0.00,0.00,1.00,111.08,0.88
2023-04-02 21:00:00,28.22,31.95,23.47,0.62,1.21,4.60,152.92,0.00,1.00,1.00,1.00,1.00,1094.10,75.50,0.00,0.00,1.00,155.92,0.52
2023-04-02 22:00:00,28.16,32.11,23.80,0.27,0.71,4.60,163.00,0.00,1.00,1.00,1.00,1.00,1094.10,77.25,0.00,0.00,1.00,150.92,0.41
2023-04-02 23:00:00,27.89,31.59,23.81,0.23,0.75,4.60,151.50,0.00,1.00,1.00,1.00,1.00,1094.10,78.58,0.00,0.00,1.00,154.75,0.27
2023-04-03 00:00:00,26.98,29.38,23.38,0.04,0.33,0.92,214.17,0.00,1.00,0.00,1.00,1.00,1094.10,80.75,0.00,0.00,1.00,214.25,0.03
2023-04-03 01:00:00,26.43,27.31,23.28,0.03,0.29,1.00,215.83,0.00,1.00,0.00,1.00,1.00,1094.10,82.75,0.00,0.00,1.00,220.17,0.00
2023-04-03 02:00:00,25.78,26.66,23.16,0.09,0.38,1.00,239.17,0.00,1.00,0.00,1.00,1.00,1094.10,85.42,0.00,0.00,1.00,235.83,0.03
2023-04-03 03:00:00,25.57,26.47,23.18,0.01,0.04,1.00,217.17,0.00,1.00,0.00,1.00,1.00,1094.10,86.58,0.00,0.00,1.00,219.58,0.02
2023-04-03 04:00:00,25.32,26.21,23.12,0.00,0.00,1.00,222.33,0.00,1.00,0.00,1.00,1.00,1094.10,87.50,0.00,0.00,1.00,223.58,0.00
2023-04-03 05:00:00,24.92,25.79,22.91,0.05,0.08,1.00,251.25,0.00,1.00,0.00,1.00,1.00,1094.10,88.75,0.00,0.00,1.00,235.92,0.00
2023-04-03 06:00:00,25.03,25.93,23.07,0.00,0.00,1.00,229.42,0.00,1.00,0.00,1.00,1.00,1094.10,88.92,0.00,21.36,1.00,228.08,0.00
2023-04-03 07:00:00,27.13,30.02,23.78,0.18,0.46,1.00,192.58,0.00,1.00,0.00,1.00,1.00,1094.10,82.08,0.67,119.12,1.00,202.50,0.18
2023-04-03 08:00:00,28.95,33.53,24.02,0.68,1.04,1.96,193.25,0.00,1.00,0.00,1.00,1.00,1094.10,74.83,2.83,332.41,1.00,192.75,0.48
2023-04-03 09:00:00,30.82,36.62,24.28,0.55,1.25,2.00,186.83,0.00,1.00,0.00,1.00,1.00,1094.10,68.33,4.83,567.82,1.00,200.83,0.66
2023-04-03 10:00:00,32.49,39.13,24.41,0.85,1.64,2.38,186.83,0.00,1.00,0.00,1.00,1.00,1094.10,62.67,6.08,695.12,1.00,204.42,0.84
2023-04-03 11:00:00,33.68,40.96,24.57,0.83,1.77,3.60,171.42,0.00,1.00,0.00,1.00,1.00,1094.10,59.17,5.25,610.62,1.00,171.58,0.94
2023-04-03 12:00:00,34.47,41.88,24.47,1.00,2.34,3.93,123.42,0.00,1.00,0.00,1.00,1.00,1094.10,56.33,5.17,568.54,1.00,155.00,1.16
2023-04-03 13:00:00,35.28,42.48,24.12,1.46,2.54,4.31,126.92,0.00,1.00,0.00,1.00,1.00,1094.10,52.67,5.92,647.62,1.00,143.67,1.42
2023-04-03 14:00:00,34.83,41.07,23.50,2.23,3.68,4.81,128.75,0.00,1.00,0.00,1.00,1.00,1094.10,52.08,2.58,315.54,1.00,145.83,1.71
2023-04-03 15:00:00,34.02,39.60,23.11,1.81,3.43,5.60,147.58,0.00,0.75,0.00,1.00,1.00,1094.10,53.25,1.08,176.41,1.00,144.75,1.81
2023-04-03 16:00:00,33.96,39.19,22.88,1.65,3.56,5.60,156.50,0.00,0.00,0.00,1.00,1.00,1094.10,52.58,1.33,175.33,1.00,148.00,1.70
2023-04-03 17:00:00,33.34,38.44,22.89,1.32,2.35,5.60,152.50,0.00,0.00,0.00,1.00,1.00,1094.10,54.50,0.17,72.01,1.00,154.17,1.23
2023-04-03 18:00:00,31.64,38.32,24.72,1.47,3.34,5.60,132.50,0.00,0.00,0.00,1.00,1.00,1094.10,67.00,0.00,6.23,1.00,126.67,1.61
2023-04-03 19:00:00,30.08,35.73,24.43,1.82,4.18,5.89,132.17,0.00,0.00,0.00,1.00,1.00,1094.10,71.92,0.00,0.00,1.00,122.92,2.17
2023-04-03 20:00:00,29.21,34.07,24.15,1.56,2.90,6.10,150.83,0.00,0.00,0.00,1.00,1.00,1094.10,74.42,0.00,0.00,1.00,144.58,1.52
2023-04-03 21:00:00,28.73,33.43,24.31,0.90,1.78,6.10,155.42,0.00,0.00,0.00,1.00,1.00,1094.10,77.08,0.00,0.00,1.00,156.75,1.02
2023-04-03 22:00:00,28.58,32.94,24.03,0.78,1.33,6.10,167.00,0.00,0.00,0.00,1.00,1.00,1094.10,76.42,0.00,0.00,1.00,165.50,0.67
2023-04-03 23:00:00,28.41,32.29,23.54,0.58,0.96,6.10,146.58,0.00,0.00,0.00,1.00,1.00,1094.10,75.17,0.00,0.00,1.00,172.25,0.47
2023-04-04 00:00:00,28.29,31.89,23.28,0.56,1.42,1.79,166.50,0.00,0.00,0.00,1.00,1.00,1094.10,74.33,0.00,0.00,1.00,169.42,0.62
2023-04-04 01:00:00,28.06,31.63,23.40,0.44,0.96,2.00,158.17,0.00,0.00,0.00,1.00,1.00,1094.10,75.75,0.00,0.00,1.00,165.33,0.52
2023-04-04 02:00:00,27.49,30.62,23.32,0.60,1.08,2.00,139.33,0.00,0.00,0.00,1.00,1.00,1094.10,78.08,0.00,0.00,1.00,136.83,0.59
2023-04-04 03:00:00,27.12,30.04,23.47,0.55,1.21,2.00,164.17,0.00,0.00,0.00,1.00,1.00,1094.10,80.33,0.00,0.00,1.00,159.67,0.58
2023-04-04 04:00:00,26.92,29.73,23.54,0.73,1.33,2.00,177.58,0.00,0.00,0.00,1.00,1.00,1094.10,81.92,0.00,0.00,1.00,178.00,0.63
2023-04-04 05:00:00,27.03,29.97,23.69,0.72,1.46,2.50,182.00,0.00,0.00,0.00,1.00,1.00,1094.10,81.92,0.00,0.00,1.00,183.58,0.73
2023-04-04 06:00:00,26.88,29.71,23.68,0.54,1.21,2.60,176.50,0.00,0.00,0.00,1.00,1.00,1094.10,82.83,0.00,17.45,1.00,178.50,0.64
2023-04-04 07:00:00,28.03,31.97,23.97,0.53,1.04,2.60,172.08,0.00,0.00,0.00,1.00,1.00,1094.10,78.75,0.75,123.33,1.00,173.42,0.53
2023-04-04 08:00:00,29.40,34.27,24.07,0.92,1.51,2.60,172.92,0.00,0.00,0.00,1.00,1.00,1094.10,73.25,2.50,305.89,1.00,171.00,0.78
2023-04-04 09:00:00,30.53,36.06,24.15,1.23,2.47,3.43,189.00,0.00,0.00,0.00,1.00,1.00,1094.10,68.92,5.08,571.07,1.00,198.00,1.25
2023-04-04 10:00:00,32.12,38.27,24.15,1.06,1.94,3.60,162.75,0.00,0.00,0.00,1.00,1.00,1094.10,62.83,5.42,589.89,1.00,202.00,1.02
2023-04-04 11:00:00,33.68,39.64,23.56,1.02,1.97,3.77,211.17,0.00,0.00,0.00,1.00,1.00,1094.10,55.75,6.00,667.16,1.00,196.33,1.05
2023-04-04 12:00:00,34.77,39.67,22.35,1.49,2.48,4.10,202.58,0.00,0.00,0.00,1.00,1.00,1094.10,48.67,6.50,731.09,1.00,200.58,1.18
2023-04-04 13:00:00,35.34,40.27,22.24,0.72,1.69,4.10,164.67,0.00,0.00,0.00,1.00,1.00,1094.10,46.92,4.83,542.16,1.00,189.92,0.92
2023-04-04 14:00:00,35.45,40.02,21.88,1.28,2.56,4.52,139.92,0.00,0.00,0.00,1.00,1.00,1094.10,45.58,3.33,396.91,1.00,161.67,1.29
2023-04-04 15:00:00,35.60,39.90,21.59,1.39,2.43,5.47,138.08,0.00,0.00,0.00,1.00,1.00,1094.10,44.42,3.25,386.46,1.00,147.50,1.48
2023-04-04 16:00:00,35.08,39.15,21.50,1.60,2.85,5.60,137.75,0.00,0.00,0.00,1.00,1.00,1094.10,45.50,2.25,275.35,1.00,152.75,1.52
2023-04-04 17:00:00,34.25,37.93,21.30,1.55,2.74,5.60,158.17,0.00,0.00,0.00,1.00,1.00,1094.10,47.00,0.33,81.48,1.00,154.75,1.47
2023-04-04 18:00:00,32.79,36.12,21.27,1.18,2.08,5.60,191.08,0.00,0.00,0.00,1.00,1.00,1094.10,50.92,0.00,3.84,1.00,176.58,1.15
2023-04-04 19:00:00,31.65,35.98,22.56,0.95,1.38,5.60,165.08,0.00,0.00,0.00,1.00,1.00,1094.10,59.00,0.00,0.00,1.00,171.17,0.79
2023-04-04 20:00:00,29.91,35.27,24.26,1.23,2.31,5.60,153.92,0.00,0.00,0.00,1.00,1.00,1094.10,71.83,0.00,0.00,1.00,164.50,1.16
2023-04-04 21:00:00,29.14,33.65,23.82,0.90,1.78,5.60,146.42,0.00,0.00,0.00,1.00,1.00,1094.10,73.00,0.00,0.00,1.00,147.67,0.96
2023-04-04 22:00:00,28.74,32.84,23.59,0.73,1.25,5.60,127.75,0.00,0.00,0.00,1.00,1.00,1094.10,73.92,0.00,0.00,1.00,138.42,0.75
2023-04-04 23:00:00,28.31,32.07,23.50,0.63,1.21,5.60,155.92,0.00,0.00,0.00,1.00,1.00,1094.10,75.42,0.00,0.00,1.00,158.58,0.57
2023-04-05 00:00:00,28.19,31.98,23.65,0.66,1.39,2.47,130.42,0.00,0.00,0.00,1.00,1.00,1094.10,76.58,0.00,0.00,1.00,141.17,0.74
2023-04-05 01:00:00,27.40,30.56,23.49,0.44,1.04,2.60,152.58,0.00,0.00,0.00,1.00,1.00,1094.10,79.25,0.00,0.00,1.00,148.25,0.48
2023-04-05 02:00:00,26.30,27.62,23.29,0.36,0.75,2.60,182.75,0.00,0.00,0.00,1.00,1.00,1094.10,83.50,0.00,0.00,1.00,182.00,0.35
2023-04-05 03:00:00,25.53,26.43,23.13,0.23,0.50,2.60,281.17,0.00,0.00,0.00,1.00,1.00,1094.10,86.58,0.00,0.00,1.00,233.00,0.10
2023-04-05 04:00:00,25.19,26.09,23.13,0.04,0.08,2.60,217.33,0.00,0.00,0.00,1.00,1.00,1094.10,88.33,0.00,0.00,1.00,243.00,0.07
2023-04-05 05:00:00,24.88,25.78,23.06,0.00,0.00,2.60,219.58,0.00,0.00,0.00,1.00,1.00,1094.10,89.75,0.00,0.00,1.00,233.08,0.00
2023-04-05 06:00:00,25.16,26.07,23.29,0.04,0.17,2.60,234.08,0.00,0.00,0.00,1.00,1.00,1094.10,89.33,0.00,28.38,1.00,229.17,0.02
2023-04-05 07:00:00,26.81,29.12,23.61,0.23,0.62,2.60,233.42,0.00,0.00,0.00,1.00,1.00,1094.10,82.83,0.83,132.17,1.00,235.17,0.33
2023-04-05 08:00:00,28.88,33.23,23.78,0.79,1.34,2.60,235.08,0.00,0.00,0.00,1.00,1.00,1094.10,74.08,2.92,349.14,1.00,207.50,0.74
2023-04-05 09:00:00,30.78,36.41,24.14,1.03,1.76,2.68,231.58,0.00,0.00,0.00,1.00,1.00,1094.10,67.92,5.08,580.88,1.00,237.25,0.95
2023-04-05 10:00:00,32.63,39.16,24.29,0.78,1.68,3.10,196.00,0.00,0.00,0.00,1.00,1.00,1094.10,61.67,6.33,691.60,1.00,191.42,0.88
2023-04-05 11:00:00,33.91,40.51,24.03,0.91,2.34,3.56,168.67,0.00,0.00,0.00,1.00,1.00,1094.10,56.50,6.08,680.52,1.00,202.50,0.92
2023-04-05 12:00:00,35.02,41.65,23.73,1.00,1.94,3.60,181.83,0.00,0.00,0.00,1.00,1.00,1094.10,52.25,6.17,705.00,1.00,178.33,0.96
2023-04-05 13:00:00,36.12,43.27,23.88,1.35,2.47,3.60,177.33,0.00,0.00,0.00,1.00,1.00,1094.10,49.58,6.00,661.58,1.00,175.58,1.07
2023-04-05 14:00:00,36.77,43.02,23.00,0.99,2.43,4.06,140.75,0.00,0.00,0.00,1.00,1.00,1094.10,45.42,5.17,567.17,1.00,126.92,1.16
2023-04-05 15:00:00,36.24,41.37,22.18,1.06,2.90,4.60,138.58,0.00,0.00,0.00,1.00,1.00,1094.10,44.50,2.58,307.21,1.00,117.33,1.21
2023-04-05 16:00:00,35.35,39.71,21.68,1.57,2.82,4.60,150.42,0.00,0.00,0.00,1.00,1.00,1094.10,45.33,1.42,196.24,1.00,136.58,1.42
2023-04-05 17:00:00,34.44,39.07,22.19,1.43,2.77,4.60,134.58,0.00,0.00,0.00,1.00,1.00,1094.10,49.17,0.33,70.11,1.00,143.08,1.35
2023-04-05 18:00:00,33.24,38.38,22.96,1.38,2.73,4.64,138.33,0.00,0.00,0.00,1.00,1.00,1094.10,55.08,0.00,2.75,1.00,143.00,1.08
2023-04-05 19:00:00,30.93,37.88,25.18,1.91,3.93,6.02,124.00,0.00,0.00,0.00,1.00,1.00,1094.10,71.67,0.00,0.00,1.00,125.75,2.31
2023-04-05 20:00:00,29.47,35.01,24.65,1.22,2.48,6.60,139.33,0.00,0.00,0.00,1.00,1.00,1094.10,75.42,0.00,0.00,1.00,129.42,1.31
2023-04-05 21:00:00,28.62,32.82,23.75,1.47,3.09,6.60,152.17,0.00,0.00,0.00,1.00,1.00,1094.10,75.08,0.00,0.00,1.00,148.50,1.50
2023-04-05 22:00:00,28.08,31.52,23.18,1.06,1.85,6.60,164.08,0.00,0.00,0.00,1.00,1.00,1094.10,74.75,0.00,0.00,1.00,157.25,1.00
2023-04-05 23:00:00,27.70,30.92,23.21,0.78,1.58,6.60,147.25,0.00,0.00,0.00,1.00,1.00,1094.10,76.75,0.00,0.00,1.00,152.42,0.83
2023-04-06 00:00:00,27.28,30.29,23.40,0.53,1.12,1.79,140.83,0.00,0.00,0.00,1.00,1.00,1094.10,79.42,0.00,0.00,1.00,151.08,0.53
2023-04-06 01:00:00,26.98,29.67,23.47,0.33,0.79,2.00,159.67,0.00,0.00,0.00,1.00,1.00,1094.10,81.00,0.00,0.00,1.00,173.58,0.35
2023-04-06 02:00:00,26.15,27.04,23.28,0.15,0.50,2.00,221.00,0.00,0.00,0.00,1.00,1.00,1094.10,84.17,0.00,0.00,1.00,222.92,0.04
2023-04-06 03:00:00,26.18,27.07,23.38,0.15,0.46,2.00,175.92,0.00,0.00,0.00,1.00,1.00,1094.10,84.50,0.00,0.00,1.00,189.58,0.08
2023-04-06 04:00:00,25.57,26.40,23.03,0.12,0.25,2.00,199.67,0.00,0.00,0.00,1.00,1.00,1094.10,85.83,0.00,0.00,1.00,203.92,0.05
2023-04-06 05:00:00,25.07,25.97,23.09,0.05,0.25,2.00,236.83,0.00,0.00,0.00,1.00,1.00,1094.10,88.92,0.00,0.00,1.00,235.33,0.03
2023-04-06 06:00:00,25.17,26.07,23.17,0.11,0.17,2.00,223.33,0.00,0.00,0.00,1.00,1.00,1094.10,88.83,0.00,24.02,1.00,226.17,0.03
2023-04-06 07:00:00,27.25,30.07,23.53,0.43,1.21,2.00,213.67,0.00,0.00,0.00,1.00,1.00,1094.10,80.25,0.92,135.70,1.00,220.17,0.53
2023-04-06 08:00:00,28.34,32.24,23.66,0.58,1.38,2.50,246.83,0.00,0.00,0.00,1.00,1.00,1094.10,75.92,2.33,292.41,1.00,242.42,0.82
2023-04-06 09:00:00,30.28,35.54,24.01,0.83,1.55,2.60,206.08,0.00,0.00,0.00,1.00,1.00,1094.10,69.33,4.83,542.31,1.00,221.08,0.78
2023-04-06 10:00:00,31.90,38.25,24.35,1.11,2.07,3.10,233.92,0.00,0.00,0.00,1.00,1.00,1094.10,64.50,6.17,694.70,1.00,207.25,1.10
2023-04-06 11:00:00,33.46,40.45,24.42,0.76,1.72,3.10,221.08,0.00,0.00,0.00,1.00,1.00,1094.10,59.33,5.17,588.84,1.00,243.08,0.95
2023-04-06 12:00:00,34.28,40.92,23.96,1.07,1.94,3.43,141.92,0.00,0.00,0.00,1.00,1.00,1094.10,55.08,5.25,588.51,1.00,148.67,0.85
2023-04-06 13:00:00,35.29,41.45,23.32,1.27,2.39,3.60,158.67,0.00,0.00,0.00,1.00,1.00,1094.10,50.25,6.25,699.46,1.00,152.42,1.25
2023-04-06 14:00:00,36.02,41.32,22.38,0.92,2.26,3.93,143.25,0.00,0.00,0.00,1.00,1.00,1094.10,45.58,5.33,581.64,1.00,123.17,1.13
2023-04-06 15:00:00,36.18,40.57,21.51,1.21,2.55,4.18,138.25,0.00,0.00,0.00,1.00,1.00,1094.10,42.83,3.92,448.38,1.00,130.08,1.27
2023-04-06 16:00:00,35.52,40.41,22.16,1.47,2.65,4.81,143.50,0.00,0.00,0.00,1.00,1.00,1094.10,46.17,2.17,269.10,1.00,111.25,1.38
2023-04-06 17:00:00,34.62,39.12,22.05,0.96,1.98,5.10,117.83,0.00,0.00,0.00,1.00,1.00,1094.10,48.25,0.42,83.28,1.00,119.75,1.18
2023-04-06 18:00:00,33.07,37.64,22.52,0.87,1.59,5.10,145.42,0.00,0.00,0.00,1.00,1.00,1094.10,54.08,0.00,5.33,1.00,140.33,0.83
2023-04-06 19:00:00,31.93,36.23,22.51,0.79,1.86,5.10,141.00,0.00,0.00,0.00,1.00,1.00,1094.10,57.67,0.00,0.00,1.00,137.08,0.83
2023-04-06 20:00:00,30.11,34.99,23.70,1.74,3.28,5.43,116.92,0.00,0.00,0.00,1.00,1.00,1094.10,68.67,0.00,0.00,1.00,126.17,1.72
2023-04-06 21:00:00,28.77,32.62,23.28,1.21,2.38,6.10,123.33,0.00,0.00,0.00,1.00,1.00,1094.10,72.33,0.00,0.00,1.00,114.33,1.28
2023-04-06 22:00:00,27.82,31.24,23.46,1.07,1.86,6.10,136.75,0.00,0.00,0.00,1.00,1.00,1094.10,77.17,0.00,0.00,1.00,117.25,1.18
2023-04-06 23:00:00,27.34,30.42,23.42,0.53,1.47,6.10,165.92,0.00,0.00,0.00,1.00,1.00,1094.10,79.25,0.00,0.00,1.00,161.17,0.84
2023-04-07 00:00:00,27.02,29.73,23.16,0.43,0.83,1.21,180.42,0.00,0.00,0.00,1.00,1.00,1094.10,79.58,0.00,0.00,1.00,191.67,0.35
2023-04-07 01:00:00,26.80,29.23,23.28,0.54,1.12,2.00,153.92,0.00,0.00,0.00,1.00,1.00,1094.10,81.33,0.00,0.00,1.00,160.08,0.58
2023-04-07 02:00:00,26.27,27.17,23.42,0.26,0.58,2.00,170.25,0.00,0.00,0.00,1.00,1.00,1094.10,84.25,0.00,0.00,1.00,160.58,0.24
2023-04-07 03:00:00,25.97,26.87,23.50,0.22,0.54,2.00,180.42,0.00,0.00,0.00,1.00,1.00,1094.10,86.17,0.00,0.00,1.00,171.25,0.11
2023-04-07 04:00:00,25.30,26.20,23.29,0.07,0.46,2.00,188.75,0.00,0.00,0.00,1.00,1.00,1094.10,88.58,0.00,0.00,1.00,187.92,0.02
2023-04-07 05:00:00,24.97,25.87,23.12,0.00,0.08,2.00,224.33,0.00,0.00,0.00,1.00,1.00,1094.10,89.58,0.00,0.00,1.00,223.75,0.00
2023-04-07 06:00:00,25.33,26.25,23.37,0.12,0.33,2.00,166.75,0.00,0.00,0.00,1.00,1.00,1094.10,88.92,0.00,29.12,1.00,171.25,0.05
2023-04-07 07:00:00,27.11,29.80,23.82,0.38,1.00,2.00,123.92,0.00,0.00,0.00,1.00,1.00,1094.10,82.33,1.00,148.22,1.00,143.75,0.43
2023-04-07 08:00:00,29.11,33.36,23.53,0.91,1.86,3.09,174.00,0.00,0.00,0.00,1.00,1.00,1094.10,72.08,3.83,451.72,1.00,155.17,0.83
2023-04-07 09:00:00,30.31,34.42,22.83,1.34,2.42,3.60,156.33,0.00,0.00,0.00,1.00,1.00,1094.10,64.50,4.33,481.22,1.00,161.00,1.26
2023-04-07 10:00:00,31.57,35.77,22.53,1.51,2.91,4.39,138.75,0.00,0.00,0.00,1.00,1.00,1094.10,58.83,6.67,746.51,1.00,125.83,1.55
2023-04-07 11:00:00,32.41,36.44,22.13,1.23,2.74,4.64,135.25,0.00,0.00,0.00,1.00,1.00,1094.10,54.83,5.25,590.90,1.00,130.42,1.41
2023-04-07 12:00:00,33.38,37.48,21.93,1.39,2.96,5.52,125.25,0.00,0.00,0.00,1.00,1.00,1094.10,51.33,6.25,712.28,1.00,127.25,1.40
2023-04-07 13:00:00,34.49,38.66,21.72,1.42,2.91,6.10,141.17,0.00,0.00,0.00,1.00,1.00,1094.10,47.58,5.25,598.00,1.00,129.33,1.26
2023-04-07 14:00:00,34.88,38.62,21.20,1.81,3.31,6.10,152.92,0.00,0.00,0.00,1.00,1.00,1094.10,45.17,5.67,637.75,1.00,154.75,1.56
2023-04-07 15:00:00,35.07,38.85,21.18,1.21,2.68,6.10,131.25,0.00,0.00,0.00,1.00,1.00,1094.10,44.58,3.67,411.03,1.00,141.25,1.32
2023-04-07 16:00:00,34.82,38.40,21.03,1.12,2.27,6.10,151.58,0.00,0.00,0.00,1.00,1.00,1094.10,44.75,2.08,268.35,1.00,118.17,1.19
2023-04-07 17:00:00,33.93,37.23,20.96,1.23,2.04,6.10,137.67,0.00,0.00,0.00,1.00,1.00,1094.10,46.83,0.33,77.46,1.00,122.92,1.03
2023-04-07 18:00:00,32.52,35.37,20.75,0.93,1.80,6.10,139.67,0.00,0.00,0.00,1.00,1.00,1094.10,50.08,0.00,4.49,1.00,144.92,0.95
2023-04-07 19:00:00,31.57,34.23,20.73,0.76,1.93,6.10,121.58,0.00,0.00,0.00,1.00,1.00,1094.10,52.83,0.00,0.00,1.00,149.92,0.83
2023-04-07 20:00:00,29.74,34.32,23.60,1.51,2.55,6.10,135.00,0.00,0.00,0.00,1.00,1.00,1094.10,69.83,0.00,0.00,1.00,130.50,1.35
2023-04-07 21:00:00,28.34,32.35,23.80,1.13,2.40,6.10,137.08,0.00,0.00,0.00,1.00,1.00,1094.10,76.50,0.00,0.00,1.00,122.58,1.11
2023-04-07 22:00:00,27.47,30.64,23.40,0.81,2.02,6.10,127.42,0.00,0.00,0.00,1.00,1.00,1094.10,78.50,0.00,0.00,1.00,131.33,0.98
2023-04-07 23:00:00,26.82,28.98,23.15,0.74,1.25,6.10,129.42,0.00,0.00,0.00,1.00,1.00,1094.10,80.42,0.00,0.00,1.00,131.83,0.69
2023-04-08 00:00:00,26.40,27.20,23.03,0.38,0.92,1.50,122.50,0.00,0.00,0.00,1.00,1.00,1094.10,81.67,0.00,0.00,1.00,155.92,0.38
2023-04-08 01:00:00,25.89,26.70,22.92,0.33,0.71,1.50,147.58,0.00,0.00,0.00,1.00,1.00,1094.10,83.67,0.00,0.00,1.00,170.58,0.30
2023-04-08 02:00:00,25.07,25.87,22.66,0.00,0.00,1.50,216.42,0.00,0.00,0.00,1.00,1.00,1094.10,86.50,0.00,0.00,1.00,217.58,0.01
2023-04-08 03:00:00,24.54,25.35,22.56,0.00,0.00,1.50,230.75,0.00,0.00,0.00,1.00,1.00,1094.10,88.58,0.00,0.00,1.00,220.83,0.00
2023-04-08 04:00:00,24.51,25.31,22.44,0.00,0.00,1.50,199.33,0.00,0.00,0.00,1.00,1.00,1094.10,88.33,0.00,0.00,1.00,199.83,0.00
2023-04-08 05:00:00,24.43,25.23,22.40,0.00,0.00,1.50,169.67,0.00,0.00,0.00,1.00,1.00,1094.10,88.42,0.00,0.00,1.00,187.92,0.00
2023-04-08 06:00:00,24.20,25.02,22.40,0.09,0.12,1.50,190.75,0.00,0.00,0.00,1.00,1.00,1094.10,89.67,0.00,19.82,1.00,200.42,0.00
2023-04-08 07:00:00,26.07,27.59,23.03,0.87,1.47,2.04,133.58,0.00,0.00,0.00,1.00,1.00,1094.10,83.42,1.00,157.01,1.00,126.50,0.74
2023-04-08 08:00:00,27.85,31.01,22.94,1.19,2.12,3.60,148.75,0.00,0.00,0.00,1.00,1.00,1094.10,74.75,2.08,269.58,1.00,143.58,1.17
2023-04-08 09:00:00,28.80,32.34,22.85,1.25,2.43,3.64,164.33,0.00,0.00,0.00,1.00,1.00,1094.10,70.33,3.17,381.82,1.00,156.83,1.11
2023-04-08 10:00:00,30.87,35.43,23.09,1.28,2.38,5.10,157.25,0.00,0.00,0.00,1.00,1.00,1094.10,63.42,5.67,627.52,1.00,147.75,1.23
2023-04-08 11:00:00,31.98,36.31,22.55,1.06,2.07,5.10,117.58,0.00,0.00,0.00,1.00,1.00,1094.10,57.58,6.42,718.18,1.00,120.83,1.05
2023-04-08 12:00:00,33.31,37.28,21.82,1.22,2.66,5.10,118.50,0.00,0.00,0.00,1.00,1.00,1094.10,51.17,6.58,739.84,1.00,136.67,1.20
2023-04-08 13:00:00,33.62,37.36,21.51,1.89,3.23,5.93,121.42,0.00,0.00,0.00,1.00,1.00,1094.10,49.33,4.92,555.36,1.00,97.58,1.57
2023-04-08 14:00:00,33.56,37.17,21.38,1.35,2.47,6.10,103.33,0.00,0.00,0.00,1.00,1.00,1094.10,49.17,4.25,470.96,1.00,99.92,1.45
2023-04-08 15:00:00,34.11,38.00,21.56,1.59,3.12,6.10,89.08,0.00,0.00,0.00,1.00,1.00,1094.10,48.17,3.58,427.87,1.00,102.25,1.52
2023-04-08 16:00:00,33.69,37.23,21.30,1.68,3.01,6.10,105.75,0.00,0.00,0.00,1.00,1.00,1094.10,48.50,1.67,207.80,1.00,99.50,1.50
2023-04-08 17:00:00,33.00,35.55,20.30,1.69,3.12,6.10,110.17,0.00,0.00,0.00,1.00,1.00,1094.10,47.42,0.42,80.78,1.00,115.92,1.43
2023-04-08 18:00:00,31.38,34.99,21.93,1.33,3.29,6.10,107.08,0.00,0.00,0.00,1.00,1.00,1094.10,57.50,0.00,7.06,1.00,106.42,1.51
2023-04-08 19:00:00,30.07,33.47,22.12,1.64,2.73,6.10,107.08,0.00,0.00,0.00,1.00,1.00,1094.10,62.50,0.00,0.00,1.00,106.75,1.30
2023-04-08 20:00:00,28.96,31.95,21.99,1.04,2.82,6.10,121.50,0.00,0.00,0.00,1.00,1.00,1094.10,66.17,0.00,0.00,1.00,108.83,1.26
2023-04-08 21:00:00,27.69,30.64,22.82,1.13,2.74,6.10,108.42,0.00,0.00,0.00,1.00,1.00,1094.10,74.92,0.00,0.00,1.00,108.75,1.43
2023-04-08 22:00:00,26.86,29.31,22.78,0.71,1.98,6.10,131.08,0.00,0.00,0.00,1.00,1.00,1094.10,78.42,0.00,0.00,1.00,132.67,0.98
2023-04-08 23:00:00,26.74,28.50,22.34,0.54,1.29,6.10,143.08,0.00,0.00,0.00,1.00,1.00,1094.10,77.00,0.00,0.00,1.00,155.58,0.67
2023-04-09 00:00:00,25.95,26.69,22.37,0.34,0.62,1.38,154.67,0.00,0.00,0.00,0.00,1.00,1094.10,80.67,0.00,0.00,1.00,167.67,0.37
2023-04-09 01:00:00,25.08,25.81,22.13,0.05,0.33,1.50,190.67,0.00,0.00,0.00,0.00,1.00,1094.10,83.75,0.00,0.00,1.00,172.25,0.03
2023-04-09 02:00:00,24.64,25.39,22.01,0.00,0.00,1.50,187.17,0.00,0.00,0.00,0.00,1.00,1094.10,85.33,0.00,0.00,1.00,192.75,0.00
2023-04-09 03:00:00,23.94,24.68,21.86,0.00,0.04,1.50,236.58,0.00,0.00,0.00,0.00,1.00,1094.10,88.08,0.00,0.00,1.00,229.42,0.00
2023-04-09 04:00:00,23.50,24.25,21.65,0.00,0.00,1.50,203.00,0.00,0.00,0.00,0.00,1.00,1094.10,89.25,0.00,0.00,1.00,202.92,0.00
2023-04-09 05:00:00,23.22,23.97,21.49,0.00,0.00,1.50,248.50,0.00,0.00,0.00,0.00,1.00,1094.10,90.00,0.00,0.00,1.00,244.08,0.00
2023-04-09 06:00:00,23.65,24.44,21.85,0.20,0.38,1.50,197.58,0.00,0.00,0.00,0.00,1.00,1094.10,89.58,0.00,28.94,1.00,200.17,0.15
2023-04-09 07:00:00,25.87,26.80,22.63,0.35,0.67,1.50,202.42,0.00,0.00,0.00,0.00,1.00,1094.10,82.33,1.08,146.12,1.00,215.17,0.27
2023-04-09 08:00:00,27.54,30.50,22.93,0.33,0.92,1.50,145.17,0.00,0.00,0.00,0.00,1.00,1094.10,76.00,2.17,278.60,1.00,176.25,0.35
2023-04-09 09:00:00,29.06,32.68,22.81,0.81,1.94,2.77,136.75,0.00,0.00,0.00,0.00,1.00,1094.10,69.25,4.00,442.01,1.00,110.83,0.72
2023-04-09 10:00:00,30.44,34.19,22.37,1.22,2.21,3.85,161.33,0.00,0.00,0.00,0.00,1.00,1094.10,62.25,6.75,741.02,1.00,134.08,1.22
2023-04-09 11:00:00,31.79,35.75,22.19,1.12,2.25,4.10,136.42,0.00,0.00,0.00,0.00,1.00,1094.10,57.00,6.42,718.97,1.00,117.00,1.16
2023-04-09 12:00:00,32.86,36.29,21.37,1.12,2.56,4.10,109.58,0.00,0.00,0.00,0.00,1.00,1094.10,51.00,6.75,751.07,1.00,105.67,1.28
2023-04-09 13:00:00,33.01,36.36,21.23,1.29,2.83,4.47,150.92,0.00,0.00,0.00,0.00,1.00,1094.10,50.17,4.92,547.46,1.00,148.17,1.47
2023-04-09 14:00:00,33.46,36.67,20.95,1.28,2.34,5.02,119.33,0.00,0.00,0.00,0.00,1.00,1094.10,48.08,3.92,462.88,1.00,99.00,1.22
2023-04-09 15:00:00,33.60,36.88,21.02,1.61,2.95,5.10,124.83,0.00,0.00,0.00,0.00,1.00,1094.10,47.92,3.75,426.96,1.00,114.92,1.56
2023-04-09 16:00:00,33.78,37.12,21.03,1.14,2.52,5.10,141.83,0.00,0.00,0.00,0.00,1.00,1094.10,47.42,2.33,294.21,1.00,120.83,1.32
2023-04-09 17:00:00,32.90,36.47,21.53,0.97,2.05,5.10,107.50,0.00,0.00,0.00,0.00,1.00,1094.10,51.33,0.33,78.73,1.00,94.67,1.05
2023-04-09 18:00:00,31.61,34.92,21.53,0.64,1.69,5.10,133.67,0.00,0.00,0.00,0.00,1.00,1094.10,55.33,0.00,5.98,1.00,135.75,0.69
2023-04-09 19:00:00,30.38,33.92,22.18,1.13,2.38,5.10,112.67,0.00,0.00,0.00,0.00,1.00,1094.10,61.75,0.00,0.00,1.00,111.33,1.24
2023-04-09 20:00:00,29.07,33.21,23.44,1.29,2.39,5.10,114.92,0.00,0.00,0.00,0.00,1.00,1094.10,71.83,0.00,0.00,1.00,100.00,1.32
2023-04-09 21:00:00,28.00,31.49,23.36,1.30,2.21,5.10,112.58,0.00,0.00,0.00,0.00,1.00,1094.10,75.92,0.00,0.00,1.00,107.92,1.14
2023-04-09 22:00:00,27.32,30.25,23.20,0.64,1.25,5.10,131.50,0.00,0.00,0.00,0.00,1.00,1094.10,78.33,0.00,0.00,1.00,128.50,0.66
2023-04-09 23:00:00,26.73,28.72,23.17,0.81,1.63,5.10,126.42,0.00,0.00,0.00,0.00,1.00,1094.10,80.92,0.00,0.00,1.00,111.83,0.74
2023-04-10 00:00:00,26.18,27.02,23.19,0.79,1.38,1.96,119.00,0.00,0.00,0.00,0.00,1.00,1094.10,83.58,0.00,0.00,1.00,130.00,0.70
2023-04-10 01:00:00,25.72,26.55,22.99,0.18,0.50,2.00,157.00,0.00,0.00,0.00,0.00,1.00,1094.10,84.83,0.00,0.00,1.00,166.67,0.20
2023-04-10 02:00:00,25.35,26.21,23.02,0.11,0.46,2.00,164.17,0.00,0.00,0.00,0.00,1.00,1094.10,86.83,0.00,0.00,1.00,166.00,0.05
2023-04-10 03:00:00,25.18,26.07,23.15,0.00,0.00,2.00,211.92,0.00,0.00,0.00,0.00,1.00,1094.10,88.42,0.00,0.00,1.00,188.17,0.01
2023-04-10 04:00:00,24.85,25.75,23.03,0.02,0.12,2.00,204.75,0.00,0.00,0.00,0.00,1.00,1094.10,89.92,0.00,0.00,1.00,223.08,0.00
2023-04-10 05:00:00,24.44,25.32,22.82,0.01,0.08,2.00,210.42,0.00,0.00,0.00,0.00,1.00,1094.10,90.75,0.00,0.00,1.00,196.33,0.00
2023-04-10 06:00:00,24.41,25.28,22.82,0.04,0.17,2.00,218.50,0.00,0.00,0.00,0.00,1.00,1094.10,91.00,0.00,23.80,1.00,222.92,0.00
2023-04-10 07:00:00,26.53,28.60,23.61,0.13,0.46,2.00,186.58,0.00,0.00,0.00,0.00,1.00,1094.10,84.17,1.00,155.19,1.00,205.25,0.15
2023-04-10 08:00:00,28.53,32.46,23.58,0.45,1.00,2.00,149.83,0.00,0.00,0.00,0.00,1.00,1094.10,74.67,2.33,291.73,1.00,179.92,0.39
2023-04-10 09:00:00,29.44,33.63,23.30,0.58,1.08,2.15,225.75,0.00,0.00,0.00,0.00,1.00,1094.10,69.75,4.25,489.30,1.00,220.33,0.59
2023-04-10 10:00:00,31.35,36.40,23.42,0.91,1.94,3.27,184.67,0.00,0.00,0.00,0.00,1.00,1094.10,63.00,6.83,755.49,1.00,148.25,0.87
2023-04-10 11:00:00,32.47,37.27,22.86,1.34,2.68,4.35,99.92,0.00,0.00,0.00,0.00,1.00,1094.10,57.17,6.75,743.00,1.00,105.33,1.35
2023-04-10 12:00:00,33.29,38.50,22.99,1.47,3.16,5.10,165.42,0.00,0.00,0.00,0.00,1.00,1094.10,55.00,6.67,733.14,1.00,115.25,1.56
2023-04-10 13:00:00,34.16,39.60,23.00,1.89,3.25,5.10,150.25,0.00,0.00,0.00,0.00,1.00,1094.10,52.42,5.50,613.69,1.00,116.25,1.68
2023-04-10 14:00:00,34.73,39.88,22.58,1.54,3.33,6.14,141.92,0.00,0.00,0.00,0.00,1.00,1094.10,49.50,5.67,638.24,1.00,137.08,1.54
2023-04-10 15:00:00,34.98,39.78,22.21,1.30,2.87,6.60,127.17,0.00,0.00,0.00,0.00,1.00,1094.10,47.75,4.25,483.16,1.00,108.42,1.31
2023-04-10 16:00:00,34.74,39.31,22.07,1.40,2.73,6.60,137.33,0.00,0.00,0.00,0.00,1.00,1094.10,48.00,2.17,271.28,1.00,142.33,1.36
2023-04-10 17:00:00,33.84,38.28,22.13,1.08,2.12,6.60,106.33,0.00,0.00,0.00,0.00,1.00,1094.10,50.67,0.17,69.38,1.00,119.67,0.98
2023-04-10 18:00:00,32.40,36.18,21.86,0.45,1.17,6.60,112.17,0.00,0.00,0.00,0.00,1.00,1094.10,53.92,0.00,5.32,1.00,132.67,0.54
2023-04-10 19:00:00,31.39,35.02,21.95,0.64,1.34,6.60,126.58,0.00,0.00,0.00,0.00,1.00,1094.10,57.50,0.00,0.00,1.00,140.08,0.59
2023-04-10 20:00:00,29.95,34.77,23.72,1.28,2.53,6.60,124.33,0.00,0.00,0.00,0.00,1.00,1094.10,69.50,0.00,0.00,1.00,103.42,1.17
2023-04-10 21:00:00,28.69,33.15,24.07,1.23,2.12,6.60,102.00,0.00,0.00,0.00,0.00,1.00,1094.10,76.17,0.00,0.00,1.00,113.92,0.90
2023-04-10 22:00:00,27.67,31.24,23.83,0.92,1.59,6.60,117.33,0.00,0.00,0.00,0.00,1.00,1094.10,79.83,0.00,0.00,1.00,113.17,0.94
2023-04-10 23:00:00,27.04,30.03,23.70,0.50,0.96,6.60,144.58,0.00,0.00,0.00,0.00,1.00,1094.10,81.92,0.00,0.00,1.00,153.42,0.51
2023-04-11 00:00:00,26.49,27.69,23.53,0.32,0.67,1.50,144.33,0.00,0.00,0.00,0.00,1.00,1094.10,83.67,0.00,0.00,1.00,149.67,0.35
2023-04-11 01:00:00,25.97,26.86,23.26,0.06,0.25,1.50,160.17,0.00,0.00,0.00,0.00,1.00,1094.10,84.92,0.00,0.00,1.00,161.33,0.03
2023-04-11 02:00:00,25.27,26.12,22.93,0.14,0.25,1.50,170.33,0.00,0.00,0.00,0.00,1.00,1094.10,86.92,0.00,0.00,1.00,185.67,0.08
2023-04-11 03:00:00,24.51,25.36,22.63,0.01,0.12,1.50,209.08,0.00,0.00,0.00,0.00,1.00,1094.10,89.33,0.00,0.00,1.00,192.50,0.00
2023-04-11 04:00:00,24.00,24.84,22.47,0.04,0.21,1.50,182.17,0.00,0.00,0.00,0.00,1.00,1094.10,91.33,0.00,0.00,1.00,157.83,0.00
2023-04-11 05:00:00,24.72,25.57,22.81,0.00,0.04,1.50,189.58,0.00,0.00,0.00,0.00,1.00,1094.10,89.42,0.00,0.00,1.00,194.42,0.00
2023-04-11 06:00:00,24.70,25.59,22.87,0.03,0.12,1.50,200.75,0.00,0.00,0.00,0.00,1.00,1094.10,89.58,0.00,25.77,1.00,203.42,0.00
2023-04-11 07:00:00,26.75,28.72,23.47,0.22,0.58,1.50,149.25,0.00,0.00,0.00,0.00,1.00,1094.10,82.42,1.17,162.84,1.00,143.58,0.22
2023-04-11 08:00:00,28.04,31.22,23.08,0.48,1.21,2.36,221.83,0.00,0.00,0.00,0.00,1.00,1094.10,74.67,2.58,316.95,1.00,225.33,0.56
2023-04-11 09:00:00,29.47,33.32,22.92,0.70,1.52,2.60,244.25,0.00,0.00,0.00,0.00,1.00,1094.10,68.00,4.58,520.08,1.00,207.08,0.83
2023-04-11 10:00:00,31.82,35.73,22.17,0.78,1.50,2.93,183.67,0.00,0.00,0.00,0.00,1.00,1094.10,56.92,6.75,741.95,1.00,192.08,0.81
2023-04-11 11:00:00,33.73,36.52,20.39,0.94,2.30,3.31,128.67,0.00,0.00,0.00,0.00,1.00,1094.10,45.75,7.00,766.17,1.00,106.83,1.10
2023-04-11 12:00:00,35.04,36.96,18.88,1.41,2.63,4.52,132.17,0.00,0.00,0.00,0.00,1.00,1094.10,38.83,6.92,746.16,1.00,102.08,1.18
2023-04-11 13:00:00,35.77,36.90,17.47,1.64,3.16,4.60,110.33,0.00,0.00,0.00,0.00,1.00,1094.10,34.17,5.33,598.68,1.00,120.58,1.50
2023-04-11 14:00:00,36.22,37.33,17.38,1.38,2.85,4.81,156.42,0.00,0.00,0.00,0.00,1.00,1094.10,33.08,5.42,623.26,1.00,90.75,1.20
2023-04-11 15:00:00,36.16,36.89,16.66,1.04,2.60,5.60,135.42,0.00,0.00,0.00,0.00,1.00,1094.10,31.75,4.33,489.94,1.00,119.25,1.37
2023-04-11 16:00:00,35.53,37.09,18.31,0.95,2.74,5.60,106.33,0.00,0.00,0.00,0.00,1.00,1094.10,36.42,2.17,276.04,1.00,89.17,1.30
2023-04-11 17:00:00,34.53,36.32,18.87,0.98,2.11,5.60,114.42,0.00,0.00,0.00,0.00,1.00,1094.10,39.92,0.25,73.12,1.00,105.17,0.94
2023-04-11 18:00:00,32.88,35.02,19.76,0.62,1.21,5.60,135.08,0.00,0.00,0.00,0.00,1.00,1094.10,46.25,0.00,5.18,1.00,144.83,0.53
2023-04-11 19:00:00,31.56,33.54,19.77,0.77,1.51,5.60,137.42,0.00,0.00,0.00,0.00,1.00,1094.10,49.75,0.00,0.00,1.00,136.08,0.72
2023-04-11 20:00:00,30.29,31.21,18.14,0.54,1.21,5.60,146.33,0.00,0.00,0.00,0.00,1.00,1094.10,48.33,0.00,0.00,1.00,144.42,0.53
2023-04-11 21:00:00,29.20,30.08,18.06,0.38,0.75,5.60,145.50,0.00,0.00,0.00,0.00,1.00,1094.10,51.25,0.00,0.00,1.00,153.83,0.31
2023-04-11 22:00:00,27.70,28.72,18.38,0.18,0.33,5.60,148.58,0.00,0.00,0.00,0.00,1.00,1094.10,56.92,0.00,0.00,1.00,148.75,0.08
2023-04-11 23:00:00,26.41,26.78,18.51,0.20,0.42,5.60,281.83,0.00,0.00,0.00,0.00,1.00,1094.10,61.92,0.00,0.00,1.00,266.17,0.18
2023-04-12 00:00:00,25.62,25.95,18.75,0.11,0.33,0.46,250.75,0.00,0.00,0.00,0.00,1.00,1094.10,65.83,0.00,0.00,1.00,257.67,0.03
2023-04-12 01:00:00,24.18,24.60,19.39,0.12,0.25,0.96,234.58,0.00,0.00,0.00,0.00,1.00,1094.10,74.75,0.00,0.00,1.00,237.25,0.11
2023-04-12 02:00:00,24.40,24.80,19.31,0.27,0.54,1.00,215.33,0.00,0.00,0.00,0.00,1.00,1094.10,73.33,0.00,0.00,1.00,213.92,0.23
2023-04-12 03:00:00,23.12,23.43,18.42,0.23,0.54,1.00,236.25,0.00,0.00,0.00,0.00,1.00,1094.10,75.00,0.00,0.00,1.00,233.33,0.22
2023-04-12 04:00:00,23.10,23.42,18.32,0.81,1.42,2.06,266.33,0.00,0.00,0.00,0.00,1.00,1094.10,74.58,0.00,0.00,1.00,259.58,0.84
2023-04-12 05:00:00,22.92,23.20,18.02,0.75,1.29,2.60,249.75,0.00,0.00,0.00,0.00,1.00,1094.10,74.00,0.00,0.00,1.00,247.00,0.73
2023-04-12 06:00:00,22.82,23.06,17.82,0.63,1.42,2.60,247.50,0.00,0.00,0.00,0.00,1.00,1094.10,73.50,0.00,26.12,1.00,238.33,0.68
2023-04-12 07:00:00,24.27,24.55,18.18,0.81,1.25,2.60,256.92,0.00,0.00,0.00,0.00,1.00,1094.10,68.92,1.08,158.28,1.00,252.00,0.74
2023-04-12 08:00:00,27.18,28.16,19.07,0.83,1.68,2.60,212.00,0.00,0.00,0.00,0.00,1.00,1094.10,61.33,2.92,359.37,1.00,228.92,0.92
2023-04-12 09:00:00,30.52,32.09,19.38,0.89,1.58,2.60,207.67,0.00,0.00,0.00,0.00,1.00,1094.10,51.67,4.58,524.65,1.00,207.92,0.98
2023-04-12 10:00:00,33.68,34.64,17.70,0.57,1.46,2.60,161.83,0.00,0.00,0.00,0.00,1.00,1094.10,38.83,6.83,743.98,1.00,210.83,0.83
2023-04-12 11:00:00,35.40,35.98,16.65,1.13,2.29,3.77,166.33,0.00,0.00,0.00,0.00,1.00,1094.10,33.08,7.00,761.15,1.00,110.25,1.00
2023-04-12 12:00:00,36.54,36.51,15.03,1.45,3.05,4.81,150.50,0.00,0.00,0.00,0.00,1.00,1094.10,28.00,6.75,742.29,1.00,109.67,1.48
2023-04-12 13:00:00,37.12,36.68,13.90,1.61,3.27,5.85,100.33,0.00,0.00,0.00,0.00,1.00,1094.10,25.17,5.42,615.88,1.00,111.67,1.54
2023-04-12 14:00:00,37.45,37.55,15.07,1.49,3.12,6.10,124.83,0.00,0.00,0.00,0.00,1.00,1094.10,26.67,5.42,618.48,1.00,130.25,1.43
2023-04-12 15:00:00,37.18,37.16,14.87,1.43,2.99,6.10,139.83,0.00,0.00,0.00,0.00,1.00,1094.10,26.75,4.17,472.93,1.00,118.58,1.42
2023-04-12 16:00:00,36.62,36.90,15.71,1.41,2.87,6.10,128.58,0.00,0.00,0.00,0.00,1.00,1094.10,29.08,2.17,273.24,1.00,119.67,1.62
2023-04-12 17:00:00,35.59,36.24,16.74,1.22,1.98,6.10,130.58,0.00,0.00,0.00,0.00,1.00,1094.10,32.92,0.25,76.88,1.00,129.92,0.98
2023-04-12 18:00:00,33.60,34.54,17.74,0.69,1.59,6.10,176.83,0.00,0.00,0.00,0.00,1.00,1094.10,39.08,0.00,5.54,1.00,157.67,0.72
2023-04-12 19:00:00,32.24,33.03,17.73,0.64,1.26,6.10,132.58,0.00,0.00,0.00,0.00,1.00,1094.10,42.08,0.00,0.00,1.00,147.83,0.53
2023-04-12 20:00:00,30.91,31.47,17.36,0.27,0.75,6.10,171.83,0.00,0.00,0.00,0.00,1.00,1094.10,44.42,0.00,0.00,1.00,161.75,0.27
2023-04-12 21:00:00,28.68,29.62,18.22,0.17,0.38,6.10,257.50,0.00,0.00,0.00,0.00,1.00,1094.10,53.42,0.00,0.00,1.00,254.42,0.17
2023-04-12 22:00:00,27.28,28.32,18.39,0.20,0.46,6.10,258.33,0.00,0.00,0.00,0.00,1.00,1094.10,58.42,0.00,0.00,1.00,258.33,0.20
2023-04-12 23:00:00,25.93,26.43,19.02,0.17,0.54,6.10,267.25,0.00,0.00,0.00,0.00,1.00,1094.10,65.83,0.00,0.00,1.00,265.83,0.23
2023-04-13 00:00:00,25.15,25.46,18.39,0.13,0.29,0.38,215.33,0.00,0.00,0.00,0.00,1.00,1094.10,66.25,0.00,0.00,1.00,219.75,0.12
2023-04-13 01:00:00,24.17,24.50,18.56,0.27,0.71,0.75,246.75,0.00,0.00,0.00,0.00,1.00,1094.10,70.92,0.00,0.00,1.00,246.50,0.27
2023-04-13 02:00:00,24.19,24.40,17.57,0.48,1.04,1.58,231.92,0.00,0.00,0.00,0.00,1.00,1094.10,66.67,0.00,0.00,1.00,228.17,0.52
2023-04-13 03:00:00,23.93,24.10,17.09,0.69,1.12,2.00,219.92,0.00,0.00,0.00,0.00,1.00,1094.10,65.75,0.00,0.00,1.00,223.50,0.59
2023-04-13 04:00:00,23.26,23.42,16.93,0.61,1.04,2.00,242.83,0.00,0.00,0.00,0.00,1.00,1094.10,67.58,0.00,0.00,1.00,231.50,0.56
2023-04-13 05:00:00,22.80,22.93,16.70,0.58,1.25,2.00,224.83,0.00,0.00,0.00,0.00,1.00,1094.10,68.50,0.00,0.00,1.00,227.25,0.67
2023-04-13 06:00:00,22.23,22.35,16.74,0.90,1.58,2.55,263.08,0.00,0.00,0.00,0.00,1.00,1094.10,71.17,0.00,26.47,1.00,245.25,0.92
2023-04-13 07:00:00,23.58,23.76,17.22,0.96,1.62,3.10,236.92,0.00,0.00,0.00,0.00,1.00,1094.10,67.58,1.00,153.34,1.00,262.25,0.92
2023-04-13 08:00:00,26.94,27.55,17.80,0.96,1.71,3.10,236.92,0.00,0.00,0.00,0.00,1.00,1094.10,57.50,2.67,336.91,1.00,235.75,1.00
2023-04-13 09:00:00,30.45,31.32,17.98,1.04,1.89,3.10,229.75,0.00,0.00,0.00,0.00,1.00,1094.10,47.50,4.58,515.12,1.00,216.50,1.12
2023-04-13 10:00:00,33.77,34.15,16.60,0.99,1.63,3.10,187.33,0.00,0.00,0.00,0.00,1.00,1094.10,36.17,6.50,720.10,1.00,199.17,0.97
2023-04-13 11:00:00,35.93,36.59,16.68,0.80,1.91,3.56,156.00,0.00,0.00,0.00,0.00,1.00,1094.10,32.17,6.58,723.98,1.00,157.08,0.81
2023-04-13 12:00:00,37.36,37.27,14.69,1.43,2.64,4.10,137.00,0.00,0.00,0.00,0.00,1.00,1094.10,26.25,7.00,765.56,1.00,136.08,1.29
2023-04-13 13:00:00,37.89,37.61,14.11,1.54,3.17,4.77,129.00,0.00,0.00,0.00,0.00,1.00,1094.10,24.50,6.08,656.49,1.00,124.75,1.56
2023-04-13 14:00:00,38.01,38.04,14.82,1.63,3.04,5.10,144.17,0.00,0.00,0.00,0.00,1.00,1094.10,25.50,5.33,598.41,1.00,120.92,1.40
2023-04-13 15:00:00,37.98,38.32,15.42,1.58,2.77,5.10,145.25,0.00,0.00,0.00,0.00,1.00,1094.10,26.58,3.92,455.13,1.00,139.58,1.42
2023-04-13 16:00:00,37.45,37.82,15.70,1.13,2.64,5.60,141.08,0.00,0.00,0.00,0.00,1.00,1094.10,27.75,1.92,252.31,1.00,157.83,1.30
2023-04-13 17:00:00,36.31,36.46,15.51,1.36,2.28,5.60,126.42,0.00,0.00,0.00,0.00,1.00,1094.10,29.25,0.25,74.02,1.00,115.58,1.16
2023-04-13 18:00:00,34.11,34.63,16.87,0.47,1.08,5.60,149.75,0.00,0.00,0.00,0.00,1.00,1094.10,36.00,0.00,5.49,1.00,140.58,0.56
2023-04-13 19:00:00,32.45,33.45,18.00,0.53,0.83,5.60,140.42,0.00,0.00,0.00,0.00,1.00,1094.10,42.42,0.00,0.00,1.00,142.83,0.52
2023-04-13 20:00:00,31.46,33.46,19.86,0.58,1.38,5.60,149.50,0.00,0.00,0.00,0.00,1.00,1094.10,50.33,0.00,0.00,1.00,156.92,0.69
2023-04-13 21:00:00,29.61,31.31,19.68,0.06,0.38,5.60,194.33,0.00,0.00,0.00,0.00,1.00,1094.10,55.25,0.00,0.00,1.00,196.17,0.04
2023-04-13 22:00:00,28.51,30.04,19.58,0.13,0.38,5.60,192.58,0.00,0.00,0.00,0.00,1.00,1094.10,58.58,0.00,0.00,1.00,205.92,0.07
2023-04-13 23:00:00,27.11,28.38,19.89,0.14,0.42,5.60,205.92,0.00,0.00,0.00,0.00,1.00,1094.10,64.75,0.00,0.00,1.00,210.67,0.05
2023-04-14 00:00:00,26.04,26.53,20.04,0.16,0.50,0.50,227.33,0.00,0.00,0.00,0.00,1.00,1094.10,69.58,0.00,0.00,1.00,232.50,0.10
2023-04-14 01:00:00,25.35,25.78,19.42,0.21,0.50,0.88,243.00,0.00,0.00,0.00,0.00,1.00,1094.10,69.75,0.00,0.00,1.00,236.17,0.23
2023-04-14 02:00:00,24.66,25.06,19.21,0.11,0.29,1.00,252.33,0.00,0.00,0.00,0.00,1.00,1094.10,71.75,0.00,0.00,1.00,252.33,0.10
2023-04-14 03:00:00,24.34,24.64,18.38,0.22,0.67,1.00,248.83,0.00,0.00,0.00,0.00,1.00,1094.10,69.50,0.00,0.00,1.00,249.00,0.28
2023-04-14 04:00:00,24.28,24.57,17.99,0.53,0.92,1.25,251.50,0.00,0.00,0.00,0.00,1.00,1094.10,68.00,0.00,0.00,1.00,247.17,0.48
2023-04-14 05:00:00,23.69,23.93,17.76,0.86,1.42,2.00,248.33,0.00,0.00,0.00,0.00,1.00,1094.10,69.50,0.00,0.00,1.00,248.58,0.78
2023-04-14 06:00:00,23.25,23.48,17.71,0.83,1.42,2.30,248.00,0.00,0.00,0.00,0.00,1.00,1094.10,71.08,0.00,27.11,1.00,229.58,0.79
2023-04-14 07:00:00,24.69,24.98,18.13,0.82,1.63,2.60,237.42,0.00,0.00,0.00,0.00,1.00,1094.10,67.00,1.08,152.71,1.00,239.42,0.76
2023-04-14 08:00:00,27.54,28.43,18.32,0.73,1.38,2.60,251.92,0.00,0.00,0.00,0.00,1.00,1094.10,57.33,2.67,330.85,1.00,237.50,0.88
2023-04-14 09:00:00,31.02,32.23,18.63,0.31,1.00,2.60,213.75,0.00,0.00,0.00,0.00,1.00,1094.10,47.83,4.50,510.29,1.00,164.83,0.53
2023-04-14 10:00:00,33.61,35.68,19.46,0.74,1.46,2.60,188.42,0.00,0.00,0.00,0.00,1.00,1094.10,43.50,6.33,702.80,1.00,190.17,0.67
2023-04-14 11:00:00,35.47,37.12,18.43,0.72,1.47,2.93,166.50,0.00,0.00,0.00,0.00,1.00,1094.10,36.83,6.50,722.73,1.00,167.50,0.98
2023-04-14 12:00:00,36.93,37.47,16.03,1.46,3.18,4.10,101.92,0.00,0.00,0.00,0.00,1.00,1094.10,29.33,7.00,773.01,1.00,108.50,1.38
2023-04-14 13:00:00,37.63,37.14,13.65,1.97,3.32,4.93,129.50,0.00,0.00,0.00,0.00,1.00,1094.10,24.17,6.17,675.44,1.00,122.83,1.68
2023-04-14 14:00:00,38.23,37.74,13.42,1.23,2.69,5.10,140.92,0.00,0.00,0.00,0.00,1.00,1094.10,23.08,5.67,627.69,1.00,149.08,1.32
2023-04-14 15:00:00,38.20,37.32,12.47,1.83,2.64,5.52,132.67,0.00,0.00,0.00,0.00,1.00,1094.10,21.67,4.25,478.77,1.00,120.08,1.47
2023-04-14 16:00:00,37.71,37.29,13.81,1.09,2.23,5.60,139.25,0.00,0.00,0.00,0.00,1.00,1094.10,24.25,2.00,261.35,1.00,127.58,1.11
2023-04-14 17:00:00,36.55,36.43,14.88,0.63,1.38,5.60,155.50,0.00,0.00,0.00,0.00,1.00,1094.10,27.75,0.25,75.15,1.00,152.08,0.71
2023-04-14 18:00:00,33.97,33.53,14.73,0.19,0.62,5.60,159.25,0.00,0.00,0.00,0.00,1.00,1094.10,31.67,0.00,5.57,1.00,158.33,0.18
2023-04-14 19:00:00,32.02,31.62,14.95,0.13,0.29,5.60,177.83,0.00,0.00,0.00,0.00,1.00,1094.10,35.83,0.00,0.00,1.00,174.83,0.06
2023-04-14 20:00:00,29.41,30.11,17.57,0.11,0.38,5.60,227.33,0.00,0.00,0.00,0.00,1.00,1094.10,49.33,0.00,0.00,1.00,232.50,0.15
2023-04-14 21:00:00,28.34,29.13,17.72,0.05,0.25,5.60,195.67,0.00,0.00,0.00,0.00,1.00,1094.10,52.75,0.00,0.00,1.00,208.00,0.04
2023-04-14 22:00:00,27.41,28.35,18.07,0.28,0.50,5.60,247.08,0.00,0.00,0.00,0.00,1.00,1094.10,56.83,0.00,0.00,1.00,241.58,0.23
2023-04-14 23:00:00,26.68,27.25,17.78,0.29,0.54,5.60,275.17,0.00,0.00,0.00,0.00,1.00,1094.10,58.25,0.00,0.00,1.00,275.00,0.31
2023-04-15 00:00:00,26.62,27.16,17.47,0.23,0.54,0.88,256.58,0.00,0.00,0.00,0.00,1.00,1094.10,57.25,0.00,0.00,1.00,261.17,0.29
2023-04-15 01:00:00,26.07,26.22,16.59,0.81,1.12,1.83,265.75,0.00,0.00,0.00,0.00,1.00,1094.10,56.08,0.00,0.00,1.00,254.25,0.62
2023-04-15 02:00:00,25.55,25.64,16.22,0.53,1.00,2.00,224.58,0.00,0.00,0.00,0.00,1.00,1094.10,56.33,0.00,0.00,1.00,216.67,0.53
2023-04-15 03:00:00,23.62,23.74,16.61,0.33,0.50,2.00,261.17,0.00,0.00,0.00,0.00,1.00,1094.10,64.92,0.00,0.00,1.00,263.42,0.26
2023-04-15 04:00:00,24.12,24.19,16.11,0.46,1.00,2.00,224.08,0.00,0.00,0.00,0.00,1.00,1094.10,61.00,0.00,0.00,1.00,221.00,0.62
2023-04-15 05:00:00,23.46,23.46,15.65,0.40,0.75,2.00,232.83,0.00,0.00,0.00,0.00,1.00,1094.10,61.67,0.00,0.00,1.00,225.83,0.41
2023-04-15 06:00:00,23.41,23.42,15.71,0.80,1.25,2.05,239.33,0.00,0.00,0.00,0.00,1.00,1094.10,62.00,0.00,25.92,1.00,239.83,0.65
2023-04-15 07:00:00,24.07,24.07,15.87,1.07,1.67,2.60,264.00,0.00,0.00,0.00,0.00,1.00,1094.10,60.42,0.83,137.14,1.00,264.50,1.05
2023-04-15 08:00:00,27.22,27.50,16.39,0.74,1.38,2.60,234.58,0.00,0.00,0.00,0.00,1.00,1094.10,51.83,2.50,297.07,1.00,234.42,0.82
2023-04-15 09:00:00,30.58,31.35,17.68,0.69,1.21,2.60,207.50,0.00,0.00,0.00,0.00,1.00,1094.10,46.08,4.17,478.57,1.00,248.58,0.67
2023-04-15 10:00:00,33.35,35.21,19.21,0.67,1.64,2.60,158.50,0.00,0.00,0.00,0.00,1.00,1094.10,43.50,5.75,637.90,1.00,175.83,0.80
2023-04-15 11:00:00,35.13,37.26,19.18,0.90,1.68,2.73,150.83,0.00,0.00,0.00,0.00,1.00,1094.10,39.25,5.08,589.08,1.00,144.50,0.70
2023-04-15 12:00:00,36.06,38.55,19.43,0.99,2.21,4.47,129.92,0.00,0.00,0.00,0.00,1.00,1094.10,37.92,5.75,641.16,1.00,108.08,1.04
2023-04-15 13:00:00,36.87,38.81,18.42,1.16,2.30,4.60,140.92,0.00,0.00,0.00,0.00,1.00,1094.10,34.08,4.92,547.67,1.00,128.33,1.01
2023-04-15 14:00:00,37.64,37.45,14.35,1.08,2.17,4.60,140.67,0.00,0.00,0.00,0.00,1.00,1094.10,25.25,4.83,554.91,1.00,101.75,1.17
2023-04-15 15:00:00,37.78,37.71,14.57,1.19,2.43,4.60,86.25,0.00,0.00,0.00,0.00,1.00,1094.10,25.42,3.75,436.49,1.00,91.92,1.12
2023-04-15 16:00:00,36.83,36.40,14.03,1.16,2.12,4.60,124.42,0.00,0.00,0.00,0.00,1.00,1094.10,25.83,1.42,200.73,1.00,105.25,1.02
2023-04-15 17:00:00,35.85,35.98,15.60,0.54,1.47,4.60,130.33,0.00,0.00,0.00,0.00,1.00,1094.10,30.25,0.25,73.96,1.00,130.17,0.62
2023-04-15 18:00:00,33.93,34.65,17.25,0.66,1.21,4.60,131.00,0.00,0.00,0.00,0.00,1.00,1094.10,37.25,0.00,4.23,1.00,133.42,0.59
2023-04-15 19:00:00,32.51,33.44,17.93,0.14,0.38,4.60,156.25,0.00,0.00,0.00,0.00,1.00,1094.10,42.08,0.00,0.00,1.00,158.75,0.18
2023-04-15 20:00:00,31.18,34.22,21.18,0.67,1.30,4.60,113.58,0.00,0.00,0.00,0.00,1.00,1094.10,55.75,0.00,0.00,1.00,136.08,0.54
2023-04-15 21:00:00,30.03,34.07,22.87,0.81,1.29,4.60,133.58,0.00,0.00,0.00,0.00,1.00,1094.10,65.67,0.00,0.00,1.00,117.17,0.70
2023-04-15 22:00:00,29.17,32.42,22.22,0.44,0.96,4.60,142.08,0.00,0.00,0.00,0.00,1.00,1094.10,66.33,0.00,0.00,1.00,147.50,0.60
2023-04-15 23:00:00,27.80,29.85,20.93,0.07,0.38,4.60,164.42,0.00,0.00,0.00,0.00,1.00,1094.10,66.42,0.00,0.00,1.00,164.00,0.09
2023-04-16 00:00:00,26.41,27.07,20.69,0.12,0.38,0.62,233.33,0.00,0.00,0.00,0.00,1.00,1094.10,70.83,0.00,0.00,1.00,235.08,0.08
2023-04-16 01:00:00,25.66,26.15,20.01,0.27,0.50,1.00,263.25,0.00,0.00,0.00,0.00,1.00,1094.10,71.00,0.00,0.00,1.00,254.08,0.24
2023-04-16 02:00:00,25.51,25.98,19.95,0.42,0.88,1.50,243.33,0.00,0.00,0.00,0.00,1.00,1094.10,71.42,0.00,0.00,1.00,243.75,0.41
2023-04-16 03:00:00,24.82,25.30,19.90,0.82,1.50,2.00,219.50,0.00,0.00,0.00,0.00,1.00,1094.10,74.17,0.00,0.00,1.00,219.75,0.82
2023-04-16 04:00:00,24.64,25.06,19.42,0.62,1.04,2.00,216.00,0.00,0.00,0.00,0.00,1.00,1094.10,72.75,0.00,0.00,1.00,215.58,0.67
2023-04-16 05:00:00,23.93,24.33,19.04,0.78,1.62,2.45,241.50,0.00,0.00,0.00,0.00,1.00,1094.10,74.17,0.00,0.00,1.00,239.17,0.79
2023-04-16 06:00:00,23.49,23.83,18.82,0.83,1.55,2.60,239.58,0.00,0.00,0.00,0.00,1.00,1094.10,75.17,0.00,27.12,1.00,218.75,0.78
2023-04-16 07:00:00,24.77,25.19,19.46,0.88,1.77,2.73,219.00,0.00,0.00,0.00,0.00,1.00,1094.10,72.42,1.00,149.42,1.00,212.42,0.91
2023-04-16 08:00:00,27.72,29.37,20.35,0.97,1.72,3.10,241.00,0.00,0.00,0.00,0.00,1.00,1094.10,64.33,2.75,319.04,1.00,223.92,0.90
2023-04-16 09:00:00,30.85,33.46,20.79,1.17,1.85,3.10,228.08,0.00,0.00,0.00,0.00,1.00,1094.10,55.25,4.67,527.45,1.00,238.83,1.07
2023-04-16 10:00:00,34.16,35.67,18.55,0.83,1.55,3.10,196.58,0.00,0.00,0.00,0.00,1.00,1094.10,39.92,6.33,701.24,1.00,191.50,0.84
2023-04-16 11:00:00,35.96,37.27,17.74,0.86,1.85,3.35,158.33,0.00,0.00,0.00,0.00,1.00,1094.10,34.42,6.42,712.73,1.00,195.58,0.93
2023-04-16 12:00:00,37.39,37.34,14.67,1.03,2.12,4.10,168.42,0.00,0.00,0.00,0.00,1.00,1094.10,26.25,7.00,768.23,1.00,163.33,1.01
2023-04-16 13:00:00,37.72,37.32,13.84,1.18,2.68,4.27,133.58,0.00,0.00,0.00,0.00,1.00,1094.10,24.33,6.08,672.73,1.00,118.58,1.38
2023-04-16 14:00:00,38.07,38.12,14.77,1.29,2.65,4.60,133.08,0.00,0.00,0.00,0.00,1.00,1094.10,25.33,5.33,599.54,1.00,125.50,1.26
2023-04-16 15:00:00,37.89,38.10,15.17,1.52,2.79,4.60,139.92,0.00,0.00,0.00,0.00,1.00,1094.10,26.25,3.92,444.97,1.00,144.08,1.43
2023-04-16 16:00:00,37.25,37.63,15.80,1.63,3.00,4.60,110.67,0.00,0.00,0.00,0.00,1.00,1094.10,28.25,1.83,230.77,1.00,116.75,1.39
2023-04-16 17:00:00,36.22,36.73,16.31,0.92,2.12,4.60,132.00,0.00,0.00,0.00,0.00,1.00,1094.10,30.92,0.08,65.77,1.00,124.92,0.94
2023-04-16 18:00:00,33.98,34.47,16.83,0.23,0.75,4.60,145.83,0.00,0.00,0.00,0.00,1.00,1094.10,36.17,0.00,5.33,1.00,144.25,0.32
2023-04-16 19:00:00,32.57,33.54,17.97,0.31,0.75,4.60,152.00,0.00,0.00,0.00,0.00,1.00,1094.10,42.00,0.00,0.00,1.00,147.75,0.40
2023-04-16 20:00:00,31.38,33.32,19.72,0.78,1.43,4.60,131.50,0.00,0.00,0.00,0.00,1.00,1094.10,50.17,0.00,0.00,1.00,140.42,0.57
2023-04-16 21:00:00,30.62,32.07,19.09,0.33,0.84,4.60,167.67,0.00,0.00,0.00,0.00,1.00,1094.10,50.33,0.00,0.00,1.00,162.67,0.27
2023-04-16 22:00:00,28.77,30.34,19.68,0.04,0.29,4.60,213.83,0.00,0.00,0.00,0.00,1.00,1094.10,58.33,0.00,0.00,1.00,206.17,0.07
2023-04-16 23:00:00,27.43,29.34,20.84,0.12,0.42,4.60,281.42,0.00,0.00,0.00,0.00,1.00,1094.10,67.42,0.00,0.00,1.00,278.58,0.12
2023-04-17 00:00:00,26.73,28.09,21.28,0.05,0.12,0.58,263.67,0.00,0.00,0.00,0.00,1.00,1094.10,72.08,0.00,0.00,1.00,267.58,0.00
2023-04-17 01:00:00,26.21,27.25,20.94,0.13,0.25,1.00,220.17,0.00,0.00,0.00,0.00,1.00,1094.10,72.83,0.00,0.00,1.00,218.50,0.06
2023-04-17 02:00:00,25.80,26.18,19.01,0.15,0.42,1.00,224.17,0.00,0.00,0.00,0.00,1.00,1094.10,66.25,0.00,0.00,1.00,219.83,0.11
2023-04-17 03:00:00,25.55,25.78,17.78,0.35,0.67,1.04,221.58,0.00,0.00,0.00,0.00,1.00,1094.10,62.25,0.00,0.00,1.00,223.92,0.30
2023-04-17 04:00:00,25.34,25.55,17.62,0.32,0.67,1.50,227.67,0.00,0.00,0.00,0.00,1.00,1094.10,62.42,0.00,0.00,1.00,225.17,0.45
2023-04-17 05:00:00,24.39,24.62,17.68,0.81,1.29,1.96,248.83,0.00,0.00,0.00,0.00,1.00,1094.10,66.33,0.00,0.00,1.00,246.33,0.62
2023-04-17 06:00:00,23.84,24.05,17.62,0.95,1.58,2.60,257.25,0.00,0.00,0.00,0.00,1.00,1094.10,68.33,0.00,28.19,1.00,262.00,0.87
2023-04-17 07:00:00,25.15,25.40,17.99,0.91,1.72,2.60,251.25,0.00,0.00,0.00,0.00,1.00,1094.10,64.58,0.83,140.78,1.00,218.67,0.78
2023-04-17 08:00:00,27.93,28.88,18.44,0.78,1.46,2.85,203.58,0.00,0.00,0.00,0.00,1.00,1094.10,56.42,2.67,315.68,1.00,211.42,0.88
2023-04-17 09:00:00,31.23,32.55,18.74,0.69,1.21,3.10,216.67,0.00,0.00,0.00,0.00,1.00,1094.10,47.58,4.58,523.48,1.00,204.17,0.67
2023-04-17 10:00:00,34.18,36.54,19.69,0.49,1.30,3.10,156.42,0.00,0.00,0.00,0.00,1.00,1094.10,42.83,6.42,709.83,1.00,168.42,0.62
2023-04-17 11:00:00,36.27,37.03,16.70,1.05,2.18,3.60,171.83,0.00,0.00,0.00,0.00,1.00,1094.10,31.67,6.67,729.98,1.00,165.33,1.06
2023-04-17 12:00:00,37.39,37.72,15.55,1.22,2.35,4.10,145.83,0.00,0.00,0.00,0.00,1.00,1094.10,27.58,7.00,768.26,1.00,121.92,1.30
2023-04-17 13:00:00,37.75,38.19,15.67,1.43,3.34,4.43,129.00,0.00,0.00,0.00,0.00,1.00,1094.10,27.33,6.42,716.23,1.00,132.25,1.61
2023-04-17 14:00:00,38.14,38.19,14.77,1.15,3.07,5.60,135.42,0.00,0.00,0.00,0.00,1.00,1094.10,25.25,5.75,647.93,1.00,124.25,1.53
2023-04-17 15:00:00,38.23,38.26,14.63,1.36,2.69,5.60,125.67,0.00,0.00,0.00,0.00,1.00,1094.10,24.92,4.08,479.77,1.00,161.00,1.40
2023-04-17 16:00:00,37.92,37.38,13.47,1.49,2.83,5.60,136.58,0.00,0.00,0.00,0.00,1.00,1094.10,23.50,2.00,249.86,1.00,148.00,1.35
2023-04-17 17:00:00,36.71,36.13,13.71,0.92,2.12,5.60,145.08,0.00,0.00,0.00,0.00,1.00,1094.10,25.50,0.17,63.27,1.00,143.08,1.03
2023-04-17 18:00:00,34.19,33.72,14.60,0.18,0.46,5.60,148.25,0.00,0.00,0.00,0.00,1.00,1094.10,31.00,0.00,4.99,1.00,152.83,0.11
2023-04-17 19:00:00,32.48,32.34,15.57,0.48,1.13,5.60,147.17,0.00,0.00,0.00,0.00,1.00,1094.10,36.33,0.00,0.00,1.00,156.33,0.33
2023-04-17 20:00:00,31.86,32.46,17.39,0.99,1.80,5.60,129.75,0.00,0.00,0.00,0.00,1.00,1094.10,42.17,0.00,0.00,1.00,125.25,0.86
2023-04-17 21:00:00,29.79,30.61,17.93,0.27,0.71,5.60,200.92,0.00,0.00,0.00,0.00,1.00,1094.10,49.17,0.00,0.00,1.00,190.58,0.33
2023-04-17 22:00:00,28.50,29.35,17.94,0.30,0.75,5.60,167.17,0.00,0.00,0.00,0.00,1.00,1094.10,53.00,0.00,0.00,1.00,191.58,0.27
2023-04-17 23:00:00,26.80,27.56,18.28,0.21,0.46,5.60,172.58,0.00,0.00,0.00,0.00,1.00,1094.10,59.67,0.00,0.00,1.00,190.67,0.19
2023-04-18 00:00:00,25.37,25.72,18.88,0.30,0.75,0.92,164.42,0.00,0.00,0.00,0.00,1.00,1094.10,67.42,0.00,0.00,1.00,152.33,0.29
2023-04-18 01:00:00,24.86,25.32,19.75,0.18,0.54,1.50,226.08,0.00,0.00,0.00,0.00,1.00,1094.10,73.25,0.00,0.00,1.00,199.67,0.23
2023-04-18 02:00:00,23.93,24.41,19.80,0.19,0.46,1.50,245.00,0.00,0.00,0.00,0.00,1.00,1094.10,77.83,0.00,0.00,1.00,244.08,0.10
2023-04-18 03:00:00,23.65,24.05,19.07,0.17,0.54,1.50,253.75,0.00,0.00,0.00,0.00,1.00,1094.10,75.58,0.00,0.00,1.00,251.83,0.16
2023-04-18 04:00:00,23.68,24.04,18.84,0.52,0.88,1.50,240.50,0.00,0.00,0.00,0.00,1.00,1094.10,74.33,0.00,0.00,1.00,243.67,0.48
2023-04-18 05:00:00,23.63,23.88,17.68,0.48,0.92,1.50,233.25,0.00,0.00,0.00,0.00,1.00,1094.10,69.33,0.00,0.00,1.00,236.08,0.50
2023-04-18 06:00:00,23.57,23.79,17.53,0.71,1.21,1.54,224.83,0.00,0.00,0.00,0.00,1.00,1094.10,68.83,0.00,27.56,1.00,216.00,0.63
2023-04-18 07:00:00,25.00,25.21,17.50,0.82,1.58,2.35,247.33,0.00,0.00,0.00,0.00,1.00,1094.10,63.17,0.92,146.96,1.00,251.17,0.83
2023-04-18 08:00:00,27.56,28.54,18.38,0.66,1.46,2.60,211.33,0.00,0.00,0.00,0.00,1.00,1094.10,57.42,2.67,315.62,1.00,222.75,0.88
2023-04-18 09:00:00,30.82,32.62,19.60,0.65,1.33,2.60,230.83,0.00,0.00,0.00,0.00,1.00,1094.10,51.42,4.83,535.38,1.00,217.25,0.71
2023-04-18 10:00:00,33.19,35.50,19.90,0.68,1.51,2.60,194.83,0.00,0.00,0.00,0.00,1.00,1094.10,45.83,6.42,708.38,1.00,217.58,0.83
2023-04-18 11:00:00,35.73,36.95,17.40,1.04,2.00,3.52,116.08,0.00,0.00,0.00,0.00,1.00,1094.10,34.50,6.33,707.05,1.00,108.50,0.95
2023-04-18 12:00:00,37.43,38.12,16.22,1.07,2.03,4.43,169.00,0.00,0.00,0.00,0.00,1.00,1094.10,28.75,7.00,743.82,1.00,129.75,1.19
2023-04-18 13:00:00,38.00,38.86,16.36,1.78,3.37,5.10,135.42,0.00,0.00,0.00,0.00,1.00,1094.10,28.17,6.17,700.22,1.00,117.50,1.54
2023-04-18 14:00:00,37.98,39.14,16.88,1.50,3.38,5.43,127.58,0.00,0.00,0.00,0.00,1.00,1094.10,29.17,5.42,607.12,1.00,121.50,1.66
2023-04-18 15:00:00,37.67,39.68,18.32,1.67,3.21,6.10,133.17,0.00,0.00,0.00,0.00,1.00,1094.10,32.42,3.75,445.75,1.00,116.08,1.71
2023-04-18 16:00:00,37.30,39.28,18.40,1.39,2.77,6.10,110.00,0.00,0.00,0.00,0.00,1.00,1094.10,33.25,1.83,241.76,1.00,110.50,1.30
2023-04-18 17:00:00,36.03,38.23,19.04,1.18,2.37,6.10,104.42,0.00,0.00,0.00,0.00,1.00,1094.10,37.08,0.25,68.92,1.00,108.50,1.23
2023-04-18 18:00:00,34.23,36.73,19.93,0.62,1.33,6.10,144.92,0.00,0.00,0.00,0.00,1.00,1094.10,43.25,0.00,5.11,1.00,145.67,0.65
2023-04-18 19:00:00,32.71,35.43,20.54,0.38,1.01,6.10,152.67,0.00,0.00,0.00,0.00,1.00,1094.10,49.00,0.00,0.00,1.00,150.58,0.41
2023-04-18 20:00:00,31.70,37.10,23.62,0.58,1.17,6.10,140.42,0.00,0.00,0.00,0.00,1.00,1094.10,62.50,0.00,0.00,1.00,149.08,0.65
2023-04-18 21:00:00,30.51,35.83,23.96,0.36,0.88,6.10,137.25,0.00,0.00,0.00,0.00,1.00,1094.10,68.25,0.00,0.00,1.00,141.17,0.45
2023-04-18 22:00:00,29.48,34.50,24.15,0.24,0.54,6.10,168.33,0.00,0.00,0.00,0.00,1.00,1094.10,73.17,0.00,0.00,1.00,170.58,0.19
2023-04-18 23:00:00,28.05,31.84,23.76,0.17,0.54,6.10,196.42,0.00,0.00,0.00,0.00,1.00,1094.10,77.58,0.00,0.00,1.00,204.17,0.14
2023-04-19 00:00:00,27.30,30.41,23.53,0.32,0.75,1.38,165.00,0.00,0.00,0.00,0.00,1.00,1094.10,79.92,0.00,0.00,1.00,186.08,0.22
2023-04-19 01:00:00,26.38,27.72,23.28,0.13,0.42,1.50,204.83,0.00,0.00,0.00,0.00,1.00,1094.10,83.08,0.00,0.00,1.00,228.25,0.11
2023-04-19 02:00:00,26.10,26.98,23.22,0.10,0.38,1.50,211.33,0.00,0.00,0.00,0.00,1.00,1094.10,84.08,0.00,0.00,1.00,216.75,0.03
2023-04-19 03:00:00,25.18,26.03,22.87,0.03,0.08,1.50,241.58,0.00,0.00,0.00,0.00,1.00,1094.10,87.00,0.00,0.00,1.00,240.42,0.00
2023-04-19 04:00:00,24.51,25.32,22.46,0.03,0.04,1.50,226.92,0.00,0.00,0.00,0.00,1.00,1094.10,88.25,0.00,0.00,1.00,239.42,0.00
2023-04-19 05:00:00,24.45,25.25,22.40,0.04,0.12,1.50,237.42,0.00,0.00,0.00,0.00,1.00,1094.10,88.25,0.00,0.00,1.00,226.08,0.00
2023-04-19 06:00:00,24.43,25.22,22.21,0.05,0.17,1.50,229.50,0.00,0.00,0.00,0.00,1.00,1094.10,87.42,0.00,26.69,1.00,228.33,0.02
2023-04-19 07:00:00,26.07,27.16,22.14,0.33,0.92,1.50,224.25,0.00,0.00,0.00,0.00,1.00,1094.10,79.08,0.75,132.06,1.00,223.75,0.38
2023-04-19 08:00:00,28.28,31.48,22.65,0.78,1.12,1.50,232.33,0.00,0.00,0.00,0.00,1.00,1094.10,71.58,2.42,290.02,1.00,200.83,0.62
2023-04-19 09:00:00,31.00,36.36,23.79,0.71,1.21,1.98,211.25,0.00,0.00,0.00,0.00,1.00,1094.10,65.67,4.17,478.67,1.00,203.08,0.64
2023-04-19 10:00:00,33.12,39.12,23.72,0.85,1.42,3.10,182.25,0.00,0.00,0.00,0.00,1.00,1094.10,58.08,5.75,639.92,1.00,215.83,0.69
2023-04-19 11:00:00,34.61,41.36,23.95,0.88,1.77,3.10,190.42,0.00,0.00,0.00,0.00,1.00,1094.10,54.08,5.92,646.69,1.00,168.33,0.93
2023-04-19 12:00:00,36.57,41.22,21.57,0.93,1.94,3.39,165.08,0.00,0.00,0.00,0.00,1.00,1094.10,42.33,6.00,698.77,1.00,179.00,1.05
2023-04-19 13:00:00,37.62,40.15,18.99,1.77,3.46,5.06,166.42,0.00,0.00,0.00,0.00,1.00,1094.10,33.92,6.00,675.10,1.00,145.67,1.79
2023-04-19 14:00:00,38.01,40.15,18.40,1.97,3.26,5.10,130.17,0.00,0.00,0.00,0.00,1.00,1094.10,32.00,5.17,566.35,1.00,144.17,1.66
2023-04-19 15:00:00,37.88,40.29,18.78,1.57,2.73,5.10,161.08,0.00,0.00,0.00,0.00,1.00,1094.10,33.00,3.50,411.70,1.00,152.33,1.62
2023-04-19 16:00:00,37.53,40.90,20.07,1.45,2.57,5.10,140.00,0.00,0.00,0.00,0.00,1.00,1094.10,36.42,1.75,221.93,1.00,142.42,1.39
2023-04-19 17:00:00,36.41,39.50,20.06,1.52,2.52,5.10,133.58,0.00,0.00,0.00,0.00,1.00,1094.10,38.67,0.25,66.62,1.00,139.50,1.35
2023-04-19 18:00:00,34.90,37.49,19.87,0.63,1.25,5.10,160.58,0.00,0.00,0.00,0.00,1.00,1094.10,41.50,0.00,5.07,1.00,154.25,0.65
2023-04-19 19:00:00,33.26,35.95,20.41,0.48,0.92,5.10,153.58,0.00,0.00,0.00,0.00,1.00,1094.10,47.00,0.00,0.00,1.00,147.92,0.38
2023-04-19 20:00:00,32.12,34.84,20.69,0.87,1.72,5.10,134.25,0.00,0.00,0.00,0.00,1.00,1094.10,51.00,0.00,0.00,1.00,123.33,0.83
2023-04-19 21:00:00,30.72,35.14,23.01,0.41,0.83,5.10,147.75,0.00,0.00,0.00,0.00,1.00,1094.10,63.83,0.00,0.00,1.00,146.42,0.38
2023-04-19 22:00:00,29.64,35.38,24.78,0.47,0.83,5.10,131.83,0.00,0.00,0.00,0.00,1.00,1094.10,75.33,0.00,0.00,1.00,152.25,0.46
2023-04-19 23:00:00,28.57,33.57,24.80,1.24,2.25,5.10,117.00,0.00,0.00,0.00,0.00,1.00,1094.10,80.17,0.00,0.00,1.00,114.92,1.21
2023-04-20 00:00:00,27.54,31.63,24.78,1.19,2.07,3.17,117.50,0.00,0.00,0.00,0.00,1.00,1094.10,85.08,0.00,0.00,1.00,99.50,1.10
2023-04-20 01:00:00,27.16,30.50,24.44,0.22,0.67,3.60,192.67,0.00,0.00,0.00,0.00,1.00,1094.10,85.25,0.00,0.00,1.00,201.33,0.14
2023-04-20 02:00:00,26.28,27.28,24.24,0.00,0.00,3.60,234.42,0.00,0.00,0.00,0.00,1.00,1094.10,88.67,0.00,0.00,1.00,233.17,0.00
2023-04-20 03:00:00,26.00,26.99,24.11,0.06,0.29,3.60,250.50,0.00,0.00,0.00,0.00,1.00,1094.10,89.42,0.00,0.00,1.00,257.50,0.02
2023-04-20 04:00:00,26.03,27.03,24.02,0.00,0.04,3.60,192.67,0.00,0.00,0.00,0.00,1.00,1094.10,88.75,0.00,0.00,1.00,193.08,0.00
2023-04-20 05:00:00,25.57,26.55,23.80,0.04,0.17,3.60,231.67,0.00,0.00,0.00,0.00,1.00,1094.10,90.08,0.00,0.00,1.00,220.42,0.02
2023-04-20 06:00:00,25.80,26.71,23.57,0.23,0.50,3.60,232.08,0.00,0.00,0.00,0.00,1.00,1094.10,87.58,0.00,26.37,1.00,229.08,0.15
2023-04-20 07:00:00,27.09,29.48,23.20,0.62,1.38,3.60,226.08,0.00,0.00,0.00,0.00,1.00,1094.10,79.42,0.75,129.61,1.00,224.83,0.72
2023-04-20 08:00:00,29.30,33.33,23.19,0.82,1.46,3.60,217.08,0.00,0.00,0.00,0.00,1.00,1094.10,69.83,2.25,283.26,1.00,196.08,0.76
2023-04-20 09:00:00,31.82,36.44,22.90,0.86,1.62,3.60,236.58,0.00,0.00,0.00,0.00,1.00,1094.10,59.42,4.08,473.51,1.00,207.75,0.87
2023-04-20 10:00:00,34.23,40.08,23.35,0.78,1.85,3.60,204.58,0.00,0.00,0.00,0.00,1.00,1094.10,53.33,5.83,646.77,1.00,218.67,0.95
2023-04-20 11:00:00,36.08,42.48,23.32,0.98,2.04,3.60,199.17,0.00,0.00,0.00,0.00,1.00,1094.10,48.08,5.83,647.52,1.00,217.75,1.01
2023-04-20 12:00:00,37.44,43.48,22.68,1.40,2.27,3.60,169.83,0.00,0.00,0.00,0.00,1.00,1094.10,42.92,6.00,680.17,1.00,213.25,1.12
2023-04-20 13:00:00,38.49,42.80,20.79,0.86,1.78,3.60,184.08,0.00,0.00,0.00,0.00,1.00,1094.10,36.25,6.00,658.48,1.00,170.42,1.04
2023-04-20 14:00:00,39.23,45.18,22.14,1.11,2.03,3.77,163.92,0.00,0.00,0.00,0.00,1.00,1094.10,37.75,4.92,552.35,1.00,173.75,1.03
2023-04-20 15:00:00,38.73,45.10,22.62,1.28,2.17,4.52,133.58,0.00,0.00,0.00,0.00,1.00,1094.10,39.92,3.42,395.98,1.00,141.33,1.09
2023-04-20 16:00:00,38.37,42.51,20.63,1.64,2.60,4.60,133.25,0.00,0.00,0.00,0.00,1.00,1094.10,36.08,1.67,215.97,1.00,139.08,1.32
2023-04-20 17:00:00,37.04,40.23,20.01,1.39,2.77,4.60,128.08,0.00,0.00,0.00,0.00,1.00,1094.10,37.25,0.08,63.53,1.00,126.25,1.32
2023-04-20 18:00:00,35.29,37.88,19.79,0.62,1.29,4.60,159.50,0.00,0.00,0.00,0.00,1.00,1094.10,40.42,0.00,4.25,1.00,148.25,0.70
2023-04-20 19:00:00,33.87,36.25,19.86,0.13,0.33,4.60,158.25,0.00,0.00,0.00,0.00,1.00,1094.10,44.00,0.00,0.00,1.00,156.67,0.16
2023-04-20 20:00:00,32.65,37.17,22.43,0.61,1.43,4.60,143.83,0.00,0.00,0.00,0.00,1.00,1094.10,55.42,0.00,0.00,1.00,137.83,0.67
2023-04-20 21:00:00,31.27,38.12,24.97,0.91,1.63,4.60,160.50,0.00,0.00,0.00,0.00,1.00,1094.10,69.42,0.00,0.00,1.00,147.25,0.93
2023-04-20 22:00:00,30.45,36.82,24.92,0.96,1.75,4.60,138.08,0.00,0.00,0.00,0.00,1.00,1094.10,72.42,0.00,0.00,1.00,147.58,1.03
2023-04-20 23:00:00,30.03,35.98,24.75,0.69,1.21,4.60,149.75,0.00,0.00,0.00,0.00,1.00,1094.10,73.50,0.00,0.00,1.00,149.83,0.60
2023-04-21 00:00:00,28.50,33.24,24.57,0.25,0.62,0.96,230.33,0.00,0.00,0.00,0.00,1.00,1094.10,79.42,0.00,0.00,1.00,223.50,0.24
2023-04-21 01:00:00,27.47,31.32,24.52,0.35,0.75,1.42,193.00,0.00,0.00,0.00,0.00,1.00,1094.10,84.17,0.00,0.00,1.00,149.83,0.34
2023-04-21 02:00:00,26.83,29.78,24.47,0.13,0.38,1.50,232.58,0.00,0.00,0.00,0.00,1.00,1094.10,86.92,0.00,0.00,1.00,238.08,0.08
2023-04-21 03:00:00,26.37,27.37,24.28,0.08,0.29,1.50,215.67,0.00,0.00,0.00,0.00,1.00,1094.10,88.33,0.00,0.00,1.00,210.83,0.08
2023-04-21 04:00:00,26.35,27.35,24.27,0.01,0.04,1.50,215.50,0.00,0.00,0.00,0.00,1.00,1094.10,88.33,0.00,0.00,1.00,213.75,0.01
2023-04-21 05:00:00,26.37,27.37,24.28,0.00,0.00,1.50,185.83,0.00,0.00,0.00,0.00,1.00,1094.10,88.50,0.00,0.00,1.00,185.25,0.00
2023-04-21 06:00:00,26.72,28.82,24.49,0.07,0.17,1.50,167.92,0.00,0.00,0.00,0.00,1.00,1094.10,87.75,0.00,27.83,1.00,166.33,0.00
2023-04-21 07:00:00,28.36,33.37,25.00,0.19,0.67,1.50,177.00,0.00,0.00,0.00,0.00,1.00,1094.10,82.17,0.75,134.01,1.00,167.83,0.23
2023-04-21 08:00:00,30.35,35.22,23.62,0.65,1.08,1.71,223.33,0.00,0.00,0.00,0.00,1.00,1094.10,67.50,2.50,299.09,1.00,226.58,0.58
2023-04-21 09:00:00,32.57,39.07,24.28,0.53,1.34,2.27,226.58,0.00,0.00,0.00,0.00,1.00,1094.10,61.83,4.25,495.85,1.00,231.00,0.61
2023-04-21 10:00:00,34.12,41.38,24.43,0.88,1.81,3.10,244.42,0.00,0.00,0.00,0.00,1.00,1094.10,57.25,6.00,662.39,1.00,214.75,1.01
2023-04-21 11:00:00,35.83,43.27,24.15,0.78,1.77,3.10,225.25,0.00,0.00,0.00,0.00,1.00,1094.10,51.25,6.00,666.31,1.00,213.58,1.08
2023-04-21 12:00:00,37.92,45.68,23.89,0.83,1.68,3.10,177.50,0.00,0.00,0.00,0.00,1.00,1094.10,45.08,6.00,697.01,1.00,199.67,0.80
2023-04-21 13:00:00,38.65,43.30,21.08,1.00,1.53,3.56,219.58,0.00,0.00,0.00,0.00,1.00,1094.10,36.58,4.33,486.47,1.00,186.92,0.92
2023-04-21 14:00:00,37.75,42.83,21.73,0.99,2.26,4.72,214.08,0.00,0.00,0.00,0.00,1.00,1094.10,39.92,3.25,392.96,1.00,169.75,1.06
2023-04-21 15:00:00,37.12,42.42,22.10,1.57,2.90,5.47,256.25,0.00,0.00,0.00,0.00,1.00,1094.10,42.58,2.25,264.59,1.00,185.67,1.49
2023-04-21 16:00:00,24.63,25.79,20.98,2.43,4.38,8.90,167.25,18.65,16.32,16.32,16.32,17.32,1110.42,80.50,0.00,9.50,1.00,147.00,2.28
2023-04-21 17:00:00,25.57,26.54,20.81,0.65,1.57,11.20,213.75,0.00,20.80,20.80,20.80,21.80,1114.90,75.25,0.00,6.57,1.00,233.58,0.79
2023-04-21 18:00:00,27.40,29.19,20.56,1.03,2.01,11.20,227.92,0.00,20.80,20.80,20.80,21.80,1114.90,66.42,0.00,0.42,1.00,231.00,1.07
2023-04-21 19:00:00,27.43,29.34,20.85,0.50,0.96,11.20,202.67,0.00,20.80,20.80,20.80,21.80,1114.90,67.42,0.00,0.00,1.00,200.67,0.53
2023-04-21 20:00:00,27.05,28.92,21.62,0.32,0.62,11.20,217.50,0.00,20.80,20.80,20.80,21.80,1114.90,72.25,0.00,0.00,1.00,216.17,0.27
2023-04-21 21:00:00,27.35,29.70,21.98,0.43,0.75,11.20,231.50,0.00,20.80,20.80,20.80,21.80,1114.90,72.58,0.00,0.00,1.00,223.33,0.37
2023-04-21 22:00:00,27.18,29.46,21.97,0.52,0.79,11.20,263.33,0.00,20.80,20.80,20.80,21.80,1114.90,73.25,0.00,0.00,1.00,248.33,0.37
2023-04-21 23:00:00,27.23,29.41,21.72,0.77,1.12,11.20,253.33,0.00,20.80,20.80,20.80,21.80,1114.90,71.92,0.00,0.00,1.00,257.08,0.62
2023-04-22 00:00:00,26.75,28.41,21.60,0.81,1.42,1.96,263.92,0.00,20.80,0.00,20.80,21.80,1114.90,73.42,0.00,0.00,1.00,272.00,0.79
2023-04-22 01:00:00,26.78,28.72,21.59,0.39,0.92,2.00,237.00,0.00,20.80,0.00,20.80,21.80,1114.90,73.42,0.00,0.00,1.00,231.33,0.44
2023-04-22 02:00:00,26.62,27.89,21.90,0.27,0.54,2.00,222.83,0.00,20.80,0.00,20.80,21.80,1114.90,75.42,0.00,0.00,1.00,221.58,0.26
2023-04-22 03:00:00,26.18,26.88,22.07,0.23,0.50,2.00,240.75,0.00,20.80,0.00,20.80,21.80,1114.90,78.08,0.00,0.00,1.00,240.17,0.25
2023-04-22 04:00:00,26.26,26.93,21.88,0.15,0.50,2.00,221.42,0.00,20.80,0.00,20.80,21.80,1114.90,77.00,0.00,0.00,1.00,222.25,0.21
2023-04-22 05:00:00,26.28,26.97,22.11,0.30,0.71,2.00,210.08,0.00,20.80,0.00,20.80,21.80,1114.90,78.00,0.00,0.03,1.00,206.08,0.35
2023-04-22 06:00:00,26.22,27.20,22.31,0.71,1.26,2.30,229.50,0.00,20.80,0.00,20.80,21.80,1114.90,79.08,0.00,43.88,1.00,240.75,0.73
2023-04-22 07:00:00,27.30,29.88,22.51,0.53,1.08,2.60,234.42,0.00,20.80,0.00,20.80,21.80,1114.90,75.25,0.50,114.18,1.00,223.25,0.57
2023-04-22 08:00:00,28.77,32.27,22.78,0.87,1.42,2.60,239.17,0.00,20.80,0.00,20.80,21.80,1114.90,70.17,2.25,280.18,1.00,227.50,0.80
2023-04-22 09:00:00,31.68,36.05,22.66,0.43,0.96,2.60,220.75,0.00,20.80,0.00,20.80,21.80,1114.90,59.08,4.50,514.80,1.00,217.42,0.54
2023-04-22 10:00:00,33.67,38.23,22.32,0.76,1.33,2.60,163.42,0.00,20.80,0.00,20.80,21.80,1114.90,51.75,5.67,634.90,1.00,182.83,0.59
2023-04-22 11:00:00,34.79,39.94,22.58,0.45,1.56,3.10,170.42,0.00,20.80,0.00,20.80,21.80,1114.90,49.33,6.00,668.78,1.00,140.42,0.77
2023-04-22 12:00:00,35.87,41.88,23.04,0.81,1.52,3.10,196.42,0.00,20.80,0.00,20.80,21.80,1114.90,47.83,6.00,690.02,1.00,215.17,0.82
2023-04-22 13:00:00,36.82,43.66,23.47,0.77,1.86,3.48,161.25,0.00,20.80,0.00,20.80,21.80,1114.90,46.58,5.92,644.50,1.00,117.50,0.99
2023-04-22 14:00:00,37.37,44.31,23.42,0.94,1.90,3.60,173.67,0.00,20.80,0.00,20.80,21.80,1114.90,45.08,4.75,522.39,1.00,169.08,0.78
2023-04-22 15:00:00,37.40,44.61,23.63,0.79,1.62,3.64,127.92,0.00,20.80,0.00,20.80,21.80,1114.90,45.58,3.25,391.58,1.00,130.25,0.92
2023-04-22 16:00:00,36.02,43.07,23.82,1.37,2.73,4.47,156.83,0.00,8.67,0.00,20.80,21.80,1114.90,49.75,1.00,162.29,1.00,128.58,1.29
2023-04-22 17:00:00,32.14,37.96,23.76,1.99,4.34,7.71,109.67,0.00,0.00,0.00,20.80,21.80,1114.90,61.58,0.00,57.42,1.00,119.92,2.13
2023-04-22 18:00:00,26.62,28.82,22.76,1.57,3.06,9.20,189.67,6.10,2.88,2.88,23.68,24.68,1117.78,80.50,0.00,2.91,1.00,103.17,1.54
2023-04-22 19:00:00,24.34,25.23,22.98,0.33,1.01,9.20,224.83,0.40,6.83,6.83,27.62,28.62,1121.72,92.17,0.00,0.00,1.00,231.17,0.37
2023-04-22 20:00:00,24.78,25.76,23.59,0.07,0.25,9.20,213.17,0.00,6.90,6.90,27.70,28.70,1121.80,93.08,0.00,0.00,1.00,241.25,0.04
2023-04-22 21:00:00,25.73,26.68,23.68,0.37,0.63,9.20,249.50,0.00,6.90,6.90,27.70,28.70,1121.80,88.50,0.00,0.00,1.00,247.50,0.21
2023-04-22 22:00:00,26.35,27.53,24.19,0.00,0.00,9.20,201.67,0.00,6.90,6.90,27.70,28.70,1121.80,88.00,0.00,0.00,1.00,183.58,0.00
2023-04-22 23:00:00,25.97,26.98,24.21,0.00,0.04,9.20,170.50,0.00,6.90,6.90,27.70,28.70,1121.80,90.17,0.00,0.00,1.00,182.58,0.00
2023-04-23 00:00:00,26.00,26.97,23.92,0.07,0.29,1.17,171.25,0.00,6.90,0.00,0.00,28.70,1121.80,88.33,0.00,0.00,1.00,164.92,0.05
2023-04-23 01:00:00,25.67,26.67,23.97,0.02,0.12,1.50,257.67,0.00,6.90,0.00,0.00,28.70,1121.80,90.50,0.00,0.00,1.00,251.58,0.00
2023-04-23 02:00:00,25.83,26.78,23.84,0.00,0.00,1.50,235.25,0.00,6.90,0.00,0.00,28.70,1121.80,89.00,0.00,0.00,1.00,231.17,0.00
2023-04-23 03:00:00,25.68,26.62,23.63,0.07,0.08,1.50,216.17,0.00,6.90,0.00,0.00,28.70,1121.80,88.58,0.00,0.00,1.00,210.42,0.00
2023-04-23 04:00:00,25.88,26.78,23.40,0.00,0.04,1.50,216.83,0.00,6.90,0.00,0.00,28.70,1121.80,86.25,0.00,0.00,1.00,217.50,0.00
2023-04-23 05:00:00,25.91,26.81,23.38,0.00,0.00,1.50,211.17,0.00,6.90,0.00,0.00,28.70,1121.80,85.83,0.00,0.00,1.00,203.50,0.00
2023-04-23 06:00:00,26.19,27.08,23.39,0.16,0.46,1.50,206.50,0.00,6.90,0.00,0.00,28.70,1121.80,84.50,0.00,13.63,1.00,205.92,0.12
2023-04-23 07:00:00,26.89,29.17,23.54,0.37,0.75,1.50,200.00,0.00,6.90,0.00,0.00,28.70,1121.80,81.92,0.25,81.14,1.00,202.50,0.40
2023-04-23 08:00:00,28.69,33.15,24.07,0.53,0.92,1.58,223.58,0.00,6.90,0.00,0.00,28.70,1121.80,76.17,2.42,283.00,1.00,215.92,0.42
2023-04-23 09:00:00,30.95,37.02,24.47,0.78,1.52,2.50,191.83,0.00,6.90,0.00,0.00,28.70,1121.80,68.58,4.08,473.48,1.00,202.17,0.75
2023-04-23 10:00:00,32.75,39.77,24.62,0.97,1.82,2.89,242.50,0.00,6.90,0.00,0.00,28.70,1121.80,62.50,5.75,633.88,1.00,226.00,0.96
2023-04-23 11:00:00,34.04,41.35,24.49,0.88,2.04,3.10,244.75,0.00,6.90,0.00,0.00,28.70,1121.80,57.67,6.00,671.48,1.00,232.42,0.97
2023-04-23 12:00:00,35.41,43.36,24.63,0.99,1.95,3.10,215.33,0.00,6.90,0.00,0.00,28.70,1121.80,53.92,6.00,684.16,1.00,256.83,1.03
2023-04-23 13:00:00,35.61,43.94,24.83,1.00,1.51,3.10,122.42,0.00,6.90,0.00,0.00,28.70,1121.80,54.00,3.83,458.93,1.00,153.83,0.87
2023-04-23 14:00:00,35.42,43.51,24.69,1.27,2.58,3.98,132.92,0.00,6.90,0.00,0.00,28.70,1121.80,54.42,2.83,327.06,1.00,126.08,1.22
2023-04-23 15:00:00,29.31,34.12,24.05,0.76,1.65,7.10,162.42,1.40,8.32,1.43,1.43,30.12,1123.22,73.50,0.75,119.77,1.00,167.67,1.13
2023-04-23 16:00:00,30.61,36.15,24.12,0.82,1.82,7.10,214.33,0.00,8.70,1.80,1.80,30.50,1123.60,68.58,0.58,99.57,1.00,214.42,0.85
2023-04-23 17:00:00,30.48,36.00,24.17,1.02,1.86,7.10,254.75,0.00,8.70,1.80,1.80,30.50,1123.60,69.17,0.33,80.27,1.00,260.58,0.99
2023-04-23 18:00:00,29.73,34.74,23.99,0.63,1.30,7.10,212.83,0.00,8.70,1.80,1.80,30.50,1123.60,71.50,0.00,6.98,1.00,227.08,0.58
2023-04-23 19:00:00,27.47,30.34,23.76,1.51,3.21,7.10,84.50,0.00,8.70,1.80,1.80,30.50,1123.60,80.25,0.00,0.00,1.00,95.83,1.39
2023-04-23 20:00:00,26.01,26.69,21.72,1.26,2.33,7.10,114.92,0.00,8.70,1.80,1.80,30.50,1123.60,77.42,0.00,0.00,1.00,113.50,0.96
2023-04-23 21:00:00,26.01,26.62,21.13,0.50,1.25,7.10,128.00,0.00,8.70,1.80,1.80,30.50,1123.60,74.75,0.00,0.00,1.00,116.42,0.53
2023-04-23 22:00:00,25.55,26.19,21.50,0.63,1.26,7.10,176.50,2.00,9.24,2.34,2.34,31.04,1124.14,78.58,0.00,0.00,1.00,154.42,0.58
2023-04-23 23:00:00,23.61,24.38,21.84,1.49,3.19,7.38,185.58,0.40,11.30,4.40,4.40,33.10,1126.20,90.00,0.00,0.00,1.00,181.08,1.57
2023-04-24 00:00:00,23.57,24.10,20.14,1.78,3.88,7.98,239.17,0.00,11.50,0.00,4.60,33.30,1126.40,81.33,0.00,0.00,1.00,217.42,1.82
2023-04-24 01:00:00,23.79,24.28,20.02,0.45,1.06,8.20,214.42,0.00,11.50,0.00,4.60,33.30,1126.40,79.50,0.00,0.00,1.00,194.42,0.56
2023-04-24 02:00:00,23.55,24.10,20.32,0.24,0.67,8.20,183.75,0.00,11.50,0.00,4.60,33.30,1126.40,82.17,0.00,0.00,1.00,226.83,0.18
2023-04-24 03:00:00,23.78,24.36,20.48,0.31,0.54,8.20,195.42,0.00,11.50,0.00,4.60,33.30,1126.40,81.92,0.00,0.00,1.00,194.83,0.16
2023-04-24 04:00:00,23.40,24.00,20.57,0.18,0.33,8.20,227.67,0.00,11.50,0.00,4.60,33.30,1126.40,84.17,0.00,0.00,1.00,230.75,0.13
2023-04-24 05:00:00,23.17,23.82,20.88,0.46,1.04,8.20,230.58,0.00,11.50,0.00,4.60,33.30,1126.40,87.08,0.00,0.00,1.00,247.92,0.48
2023-04-24 06:00:00,22.97,23.64,20.92,0.66,1.01,8.20,257.92,0.00,11.50,0.00,4.60,33.30,1126.40,88.25,0.00,36.85,1.00,257.08,0.45
2023-04-24 07:00:00,24.98,25.60,21.23,0.80,1.54,8.20,248.58,0.00,11.50,0.00,4.60,33.30,1126.40,79.83,1.17,163.40,1.00,244.17,0.84
2023-04-24 08:00:00,27.03,28.94,22.03,0.89,1.68,8.20,246.75,0.00,11.50,0.00,4.60,33.30,1126.40,74.17,3.08,379.35,1.00,229.58,0.99
2023-04-24 09:00:00,29.21,33.16,23.07,1.35,2.42,8.20,236.33,0.00,11.50,0.00,4.60,33.30,1126.40,69.58,4.42,495.87,1.00,228.42,1.12
2023-04-24 10:00:00,31.39,37.69,24.47,1.98,3.81,8.20,187.25,0.00,11.50,0.00,4.60,33.30,1126.40,66.83,5.75,650.48,1.00,182.08,1.80
2023-04-24 11:00:00,32.75,39.65,24.55,1.62,3.38,8.20,181.25,0.00,11.50,0.00,4.60,33.30,1126.40,62.25,6.67,740.06,1.00,160.25,1.90
2023-04-24 12:00:00,34.45,42.32,24.80,1.09,2.15,8.20,128.58,0.00,11.50,0.00,4.60,33.30,1126.40,57.42,6.17,676.28,1.00,144.00,1.05
2023-04-24 13:00:00,34.75,42.93,24.93,1.72,3.39,8.20,142.17,0.00,11.50,0.00,4.60,33.30,1126.40,57.00,6.25,685.75,1.00,113.58,1.49
2023-04-24 14:00:00,34.98,42.86,24.68,1.75,3.18,8.20,126.67,0.00,11.50,0.00,4.60,33.30,1126.40,55.33,5.25,591.18,1.00,130.42,1.77
2023-04-24 15:00:00,34.75,41.69,24.07,1.75,3.28,8.20,117.00,0.00,11.50,0.00,4.60,33.30,1126.40,54.08,3.42,411.66,1.00,114.50,1.83
2023-04-24 16:00:00,34.12,41.10,24.25,1.19,2.68,8.20,128.17,0.00,11.50,0.00,4.60,33.30,1126.40,56.58,0.83,157.85,1.00,135.67,1.44
2023-04-24 17:00:00,32.51,39.40,24.59,1.59,3.35,8.20,122.08,0.00,11.50,0.00,4.60,33.30,1126.40,63.42,0.00,39.69,1.00,130.25,1.37
2023-04-24 18:00:00,28.94,32.77,23.07,2.15,4.18,8.20,125.58,0.00,11.50,0.00,4.60,33.30,1126.40,70.75,0.00,4.48,1.00,117.75,2.34
2023-04-24 19:00:00,27.51,30.07,22.24,0.84,1.90,8.20,112.92,0.00,11.50,0.00,4.60,33.30,1126.40,73.08,0.00,0.00,1.00,112.00,0.98
2023-04-24 20:00:00,26.97,29.33,22.44,0.34,1.04,8.20,119.67,0.00,11.50,0.00,4.60,33.30,1126.40,76.33,0.00,0.00,1.00,143.33,0.42
2023-04-24 21:00:00,27.01,29.38,23.03,0.31,0.96,8.20,168.08,0.00,11.50,0.00,4.60,33.30,1126.40,78.92,0.00,0.00,1.00,178.67,0.45
2023-04-24 22:00:00,27.42,30.80,23.82,0.45,1.10,8.20,162.42,0.00,4.79,0.00,4.60,33.30,1126.40,80.92,0.00,0.00,1.00,188.75,0.39
2023-04-24 23:00:00,26.55,27.75,23.58,0.09,0.38,8.20,212.33,0.00,0.00,0.00,4.60,33.30,1126.40,83.67,0.00,0.00,1.00,210.67,0.03
2023-04-25 00:00:00,26.50,27.40,23.82,0.05,0.33,0.46,203.00,0.00,0.00,0.00,4.60,33.30,1126.40,85.08,0.00,0.00,1.00,206.67,0.00
2023-04-25 01:00:00,26.71,28.82,24.08,0.01,0.12,0.50,196.42,0.00,0.00,0.00,4.60,33.30,1126.40,85.50,0.00,0.00,1.00,185.25,0.00
2023-04-25 02:00:00,26.22,27.22,24.20,0.05,0.21,0.50,227.83,0.00,0.00,0.00,4.60,33.30,1126.40,88.67,0.00,0.00,1.00,230.83,0.00
2023-04-25 03:00:00,26.27,27.27,24.27,0.01,0.33,0.50,207.33,0.00,0.00,0.00,4.60,33.30,1126.40,88.92,0.00,0.00,1.00,219.33,0.00
2023-04-25 04:00:00,26.12,27.13,24.31,0.00,0.04,0.50,207.00,0.00,0.00,0.00,4.60,33.30,1126.40,89.92,0.00,0.00,1.00,207.00,0.00
2023-04-25 05:00:00,25.94,26.97,24.27,0.00,0.00,0.50,229.42,0.00,0.00,0.00,4.60,33.30,1126.40,90.58,0.00,0.07,1.00,226.67,0.00
2023-04-25 06:00:00,26.03,27.03,24.27,0.13,0.42,0.92,234.92,0.00,0.00,0.00,4.60,33.30,1126.40,90.17,0.00,35.67,1.00,230.33,0.16
2023-04-25 07:00:00,27.26,30.79,24.53,0.66,1.17,1.54,257.83,0.00,0.00,0.00,4.60,33.30,1126.40,85.17,1.17,162.68,1.00,248.75,0.58
2023-04-25 08:00:00,29.23,34.52,24.59,0.62,1.08,2.45,221.58,0.00,0.00,0.00,4.60,33.30,1126.40,76.17,2.33,286.90,1.00,204.75,0.53
2023-04-25 09:00:00,30.78,37.14,24.76,0.91,1.68,2.93,196.00,0.00,0.00,0.00,4.60,33.30,1126.40,70.42,6.00,670.43,1.00,188.08,0.89
2023-04-25 10:00:00,32.43,39.52,24.74,1.14,2.60,3.93,170.08,0.00,0.00,0.00,4.60,33.30,1126.40,64.17,4.67,529.14,1.00,187.17,1.26
2023-04-25 11:00:00,33.13,39.48,24.02,1.57,2.95,5.02,155.33,0.00,0.00,0.00,4.60,33.30,1126.40,59.00,5.25,593.65,1.00,167.08,1.54
2023-04-25 12:00:00,33.46,40.31,24.31,1.75,3.17,5.27,152.00,0.00,0.00,0.00,4.60,33.30,1126.40,58.92,4.33,499.34,1.00,169.83,1.62
2023-04-25 13:00:00,34.11,40.79,24.03,1.51,2.92,6.10,148.00,0.00,0.00,0.00,4.60,33.30,1126.40,55.92,4.58,517.93,1.00,168.25,1.55
2023-04-25 14:00:00,34.26,41.26,24.22,1.58,3.08,6.10,136.83,0.00,0.00,0.00,4.60,33.30,1126.40,56.08,3.83,456.44,1.00,128.42,1.56
2023-04-25 15:00:00,34.25,41.12,24.10,1.68,3.51,6.10,131.08,0.00,0.00,0.00,4.60,33.30,1126.40,55.75,4.00,455.07,1.00,139.08,1.77
2023-04-25 16:00:00,34.06,40.61,23.94,1.79,3.20,6.10,127.25,0.00,0.00,0.00,4.60,33.30,1126.40,55.75,2.00,269.49,1.00,134.08,1.53
2023-04-25 17:00:00,32.57,38.73,24.03,1.52,2.95,6.10,152.00,0.00,0.00,0.00,4.60,33.30,1126.40,60.92,0.42,80.89,1.00,153.08,1.72
2023-04-25 18:00:00,31.55,36.95,23.68,0.67,1.47,6.10,165.33,0.00,0.00,0.00,4.60,33.30,1126.40,63.25,0.00,5.56,1.00,166.50,0.94
2023-04-25 19:00:00,30.88,36.12,23.73,1.25,2.31,6.10,157.75,0.00,0.00,0.00,4.60,33.30,1126.40,65.83,0.00,0.00,1.00,157.17,1.18
2023-04-25 20:00:00,30.13,35.32,24.00,1.31,2.29,6.10,147.50,0.00,0.00,0.00,4.60,33.30,1126.40,69.83,0.00,0.00,1.00,148.92,1.19
2023-04-25 21:00:00,29.06,34.08,24.42,1.55,2.78,6.10,147.42,0.00,0.00,0.00,4.60,33.30,1126.40,76.17,0.00,0.00,1.00,159.92,1.35
2023-04-25 22:00:00,28.32,32.88,24.44,0.84,1.51,6.10,154.25,0.00,0.00,0.00,4.60,33.30,1126.40,79.58,0.00,0.00,1.00,161.00,1.02
2023-04-25 23:00:00,27.88,31.96,24.28,0.65,1.33,6.10,136.33,0.00,0.00,0.00,4.60,33.30,1126.40,80.83,0.00,0.00,1.00,153.00,0.69
2023-04-26 00:00:00,27.45,31.08,24.20,0.24,1.00,1.75,173.33,0.00,0.00,0.00,4.60,33.30,1126.40,82.67,0.00,0.00,1.00,171.33,0.43
2023-04-26 01:00:00,27.11,30.39,24.18,0.08,0.38,2.00,196.83,0.00,0.00,0.00,4.60,33.30,1126.40,84.08,0.00,0.00,1.00,193.58,0.07
2023-04-26 02:00:00,26.79,29.67,24.21,0.12,0.33,2.00,158.00,0.00,0.00,0.00,4.60,33.30,1126.40,85.92,0.00,0.00,1.00,180.33,0.09
2023-04-26 03:00:00,26.46,27.46,24.42,0.00,0.00,2.00,178.75,0.00,0.00,0.00,4.60,33.30,1126.40,88.67,0.00,0.00,1.00,181.25,0.00
2023-04-26 04:00:00,26.25,27.29,24.57,0.00,0.00,2.00,173.58,0.00,0.00,0.00,4.60,33.30,1126.40,90.58,0.00,0.00,1.00,171.92,0.00
2023-04-26 05:00:00,25.76,26.82,24.39,0.00,0.00,2.00,214.83,0.00,0.00,0.00,4.60,33.30,1126.40,92.17,0.00,0.10,1.00,211.58,0.00
2023-04-26 06:00:00,25.68,26.75,24.57,0.00,0.12,2.00,193.83,0.00,0.00,0.00,4.60,33.30,1126.40,93.58,0.00,25.03,1.00,209.17,0.01
2023-04-26 07:00:00,27.13,30.48,25.09,0.37,0.79,2.00,142.92,0.00,0.00,0.00,4.60,33.30,1126.40,88.75,0.92,127.43,1.00,121.08,0.24
2023-04-26 08:00:00,28.63,33.93,25.08,0.64,1.39,2.59,104.83,0.00,0.00,0.00,4.60,33.30,1126.40,81.33,2.50,304.29,1.00,54.33,0.64
2023-04-26 09:00:00,30.46,36.48,24.61,0.78,1.55,3.10,200.08,0.00,0.00,0.00,4.60,33.30,1126.40,71.08,5.33,602.66,1.00,126.25,0.80
2023-04-26 10:00:00,32.32,38.25,23.90,0.72,1.82,3.18,131.58,0.00,0.00,0.00,4.60,33.30,1126.40,61.33,5.17,579.47,1.00,126.17,0.77
2023-04-26 11:00:00,33.57,39.82,23.82,0.83,1.72,3.60,124.00,0.00,0.00,0.00,4.60,33.30,1126.40,56.83,6.08,671.75,1.00,125.33,0.77
2023-04-26 12:00:00,34.07,40.23,23.61,0.90,1.68,3.60,187.58,0.00,0.00,0.00,4.60,33.30,1126.40,54.58,3.83,446.50,1.00,157.00,0.80
2023-04-26 13:00:00,35.18,40.52,22.66,1.12,1.99,3.77,126.58,0.00,0.00,0.00,4.60,33.30,1126.40,48.50,6.33,695.76,1.00,109.17,1.17
2023-04-26 14:00:00,35.45,41.04,22.81,1.35,2.34,4.60,161.58,0.00,0.00,0.00,4.60,33.30,1126.40,48.25,4.17,479.14,1.00,165.75,1.14
2023-04-26 15:00:00,35.65,41.24,22.75,1.18,2.52,4.60,140.08,0.00,0.00,0.00,4.60,33.30,1126.40,47.58,3.42,415.45,1.00,131.83,1.25
2023-04-26 16:00:00,35.08,40.55,22.78,1.38,2.81,4.60,133.75,0.00,0.00,0.00,4.60,33.30,1126.40,49.17,1.92,250.62,1.00,112.08,1.44
2023-04-26 17:00:00,33.82,38.01,21.91,1.51,3.07,4.60,127.92,0.00,0.00,0.00,4.60,33.30,1126.40,50.00,0.50,95.39,1.00,101.83,1.50
2023-04-26 18:00:00,32.53,36.73,22.26,0.99,1.87,4.60,133.42,0.00,0.00,0.00,4.60,33.30,1126.40,54.83,0.00,6.40,1.00,134.75,1.01
2023-04-26 19:00:00,31.17,37.06,24.22,1.73,3.46,4.60,115.58,0.00,0.00,0.00,4.60,33.30,1126.40,66.92,0.00,0.00,1.00,112.08,1.54
2023-04-26 20:00:00,29.93,35.80,24.73,1.36,3.14,4.60,122.33,0.00,0.00,0.00,4.60,33.30,1126.40,73.83,0.00,0.00,1.00,112.67,1.55
2023-04-26 21:00:00,29.13,34.13,24.33,1.53,2.87,4.60,115.67,0.00,0.00,0.00,4.60,33.30,1126.40,75.50,0.00,0.00,1.00,121.25,1.44
2023-04-26 22:00:00,28.52,32.62,23.76,1.37,2.40,4.60,129.25,0.00,0.00,0.00,4.60,33.30,1126.40,75.50,0.00,0.00,1.00,128.25,1.23
2023-04-26 23:00:00,28.19,32.13,23.79,0.73,1.30,4.60,164.42,0.00,0.00,0.00,4.60,33.30,1126.40,77.17,0.00,0.00,1.00,155.58,0.74
2023-04-27 00:00:00,27.86,31.68,23.96,0.61,1.00,1.75,162.92,0.00,0.00,0.00,4.60,33.30,1126.40,79.50,0.00,0.00,1.00,172.50,0.54
2023-04-27 01:00:00,27.31,30.82,24.20,0.72,1.21,2.00,142.42,0.00,0.00,0.00,4.60,33.30,1126.40,83.25,0.00,0.00,1.00,150.75,0.62
2023-04-27 02:00:00,26.84,30.07,24.39,0.53,1.30,2.30,128.17,0.00,0.00,0.00,4.60,33.30,1126.40,86.58,0.00,0.00,1.00,125.42,0.60
2023-04-27 03:00:00,26.41,27.97,24.30,0.00,0.00,2.60,204.67,0.00,0.00,0.00,4.60,33.30,1126.40,88.17,0.00,0.00,1.00,207.25,0.00
2023-04-27 04:00:00,25.97,26.97,24.13,0.00,0.00,2.60,189.50,0.00,0.00,0.00,4.60,33.30,1126.40,89.67,0.00,0.00,1.00,199.75,0.00
2023-04-27 05:00:00,25.61,26.61,24.02,0.00,0.00,2.60,231.00,0.00,0.00,0.00,4.60,33.30,1126.40,91.00,0.00,0.03,1.00,227.75,0.00
2023-04-27 06:00:00,25.47,26.48,24.10,0.05,0.21,2.60,252.00,0.00,0.00,0.00,4.60,33.30,1126.40,92.17,0.00,32.32,1.00,242.75,0.00
2023-04-27 07:00:00,27.36,30.72,24.81,0.16,0.46,2.60,220.08,0.00,0.00,0.00,4.60,33.30,1126.40,86.17,1.08,162.28,1.00,217.92,0.13
2023-04-27 08:00:00,29.03,34.38,24.83,0.78,1.21,2.60,209.83,0.00,0.00,0.00,4.60,33.30,1126.40,78.33,2.92,331.32,1.00,222.92,0.57
2023-04-27 09:00:00,31.12,37.23,24.44,0.75,1.50,2.60,152.00,0.00,0.00,0.00,4.60,33.30,1126.40,67.83,5.83,652.16,1.00,156.67,0.62
2023-04-27 10:00:00,32.63,38.76,23.97,0.85,2.12,3.43,148.00,0.00,0.00,0.00,4.60,33.30,1126.40,60.50,6.17,674.26,1.00,151.00,0.88
2023-04-27 11:00:00,33.52,39.31,23.47,1.37,2.42,4.10,124.17,0.00,0.00,0.00,4.60,33.30,1126.40,55.83,5.33,607.62,1.00,105.83,1.28
2023-04-27 12:00:00,34.07,39.69,23.17,1.54,2.91,4.10,189.17,0.00,0.00,0.00,4.60,33.30,1126.40,53.25,4.58,515.57,1.00,153.83,1.31
2023-04-27 13:00:00,34.42,39.85,22.93,1.56,2.91,4.72,117.25,0.00,0.00,0.00,4.60,33.30,1126.40,51.42,4.67,526.93,1.00,118.17,1.58
2023-04-27 14:00:00,34.76,40.00,22.67,1.53,3.21,5.60,143.08,0.00,0.00,0.00,4.60,33.30,1126.40,49.67,3.58,420.49,1.00,142.08,1.57
2023-04-27 15:00:00,34.98,39.10,21.53,1.07,2.38,5.60,142.00,0.00,0.00,0.00,4.60,33.30,1126.40,45.83,2.92,345.98,1.00,118.00,1.15
2023-04-27 16:00:00,34.57,40.21,23.07,1.21,2.22,5.60,123.33,0.00,0.00,0.00,4.60,33.30,1126.40,51.50,1.58,221.18,1.00,117.83,1.03
2023-04-27 17:00:00,33.32,39.13,23.55,1.38,2.95,5.60,144.00,0.00,0.00,0.00,4.60,33.30,1126.40,56.75,0.17,71.96,1.00,123.08,1.39
2023-04-27 18:00:00,31.94,37.28,23.50,1.10,2.70,5.60,137.42,0.00,0.00,0.00,4.60,33.30,1126.40,61.17,0.00,7.29,1.00,144.33,1.37
2023-04-27 19:00:00,31.12,36.40,23.71,1.73,3.24,5.60,128.83,0.00,0.00,0.00,4.60,33.30,1126.40,64.92,0.00,0.00,1.00,128.42,1.72
2023-04-27 20:00:00,29.97,35.24,24.16,1.54,3.64,5.60,141.67,0.00,0.00,0.00,4.60,33.30,1126.40,71.17,0.00,0.00,1.00,132.67,1.77
2023-04-27 21:00:00,29.17,34.34,24.52,1.30,2.57,5.60,135.08,0.00,0.00,0.00,4.60,33.30,1126.40,76.17,0.00,0.00,1.00,149.83,1.23
2023-04-27 22:00:00,28.53,33.27,24.50,1.07,1.94,5.60,154.83,0.00,0.00,0.00,4.60,33.30,1126.40,78.92,0.00,0.00,1.00,149.50,0.97
2023-04-27 23:00:00,28.02,32.48,24.65,0.68,1.34,5.60,167.42,0.00,0.00,0.00,4.60,33.30,1126.40,82.17,0.00,0.00,1.00,169.50,0.72
2023-04-28 00:00:00,27.80,32.10,24.75,0.54,1.12,2.07,163.17,0.00,0.00,0.00,4.60,33.30,1126.40,83.67,0.00,0.00,1.00,162.08,0.57
2023-04-28 01:00:00,27.55,31.62,24.72,0.18,0.62,2.60,161.75,0.00,0.00,0.00,4.60,33.30,1126.40,84.67,0.00,0.00,1.00,160.92,0.22
2023-04-28 02:00:00,27.23,30.83,24.52,0.13,0.38,2.60,158.92,0.00,0.00,0.00,4.60,33.30,1126.40,85.17,0.00,0.00,1.00,158.75,0.05
2023-04-28 03:00:00,27.12,30.72,24.57,0.27,0.71,2.60,154.92,0.00,0.00,0.00,4.60,33.30,1126.40,85.83,0.00,0.00,1.00,158.08,0.33
2023-04-28 04:00:00,26.61,29.05,24.55,0.01,0.25,2.60,198.08,0.00,0.00,0.00,4.60,33.30,1126.40,88.67,0.00,0.00,1.00,181.17,0.12
2023-04-28 05:00:00,25.89,26.90,24.51,0.00,0.00,2.60,249.00,0.00,0.00,0.00,4.60,33.30,1126.40,92.08,0.00,0.07,1.00,253.08,0.00
2023-04-28 06:00:00,26.07,27.36,24.70,0.05,0.08,2.60,213.50,0.00,0.00,0.00,4.60,33.30,1126.40,92.17,0.00,38.08,1.00,215.17,0.00
2023-04-28 07:00:00,27.52,31.79,24.98,0.53,0.92,2.60,233.67,0.00,0.00,0.00,4.60,33.30,1126.40,86.25,1.00,146.31,1.00,226.58,0.45
2023-04-28 08:00:00,29.22,34.94,25.02,0.74,1.26,2.60,216.33,0.00,0.00,0.00,4.60,33.30,1126.40,78.25,2.83,350.82,1.00,217.83,0.76
2023-04-28 09:00:00,31.10,37.77,24.91,0.67,1.38,2.60,189.00,0.00,0.00,0.00,4.60,33.30,1126.40,69.75,4.00,447.53,1.00,197.92,0.62
2023-04-28 10:00:00,33.24,39.95,24.28,1.57,2.93,3.93,148.58,0.00,0.00,0.00,4.60,33.30,1126.40,59.58,7.42,816.65,1.00,137.92,1.40
2023-04-28 11:00:00,34.39,41.76,24.45,1.69,3.17,4.85,135.00,0.00,0.00,0.00,4.60,33.30,1126.40,56.42,7.00,759.58,1.00,138.83,1.60
2023-04-28 12:00:00,35.37,42.73,24.21,1.83,2.95,5.10,159.58,0.00,0.00,0.00,4.60,33.30,1126.40,52.75,6.92,755.69,1.00,148.75,1.58
2023-04-28 13:00:00,35.82,42.77,23.82,1.58,2.98,5.10,162.42,0.00,0.00,0.00,4.60,33.30,1126.40,50.17,5.92,663.26,1.00,123.25,1.50
2023-04-28 14:00:00,36.02,43.29,24.00,0.97,2.52,5.10,165.33,0.00,0.00,0.00,4.60,33.30,1126.40,50.25,4.50,495.71,1.00,160.58,1.18
2023-04-28 15:00:00,35.82,42.58,23.67,1.74,3.09,5.10,150.92,0.00,0.00,0.00,4.60,33.30,1126.40,49.75,3.33,393.78,1.00,147.58,1.66
2023-04-28 16:00:00,35.37,42.05,23.72,1.43,2.73,5.35,122.67,0.00,0.00,0.00,4.60,33.30,1126.40,51.17,1.58,210.63,1.00,146.58,1.38
2023-04-28 17:00:00,33.56,39.48,23.57,1.65,3.47,6.38,115.92,0.00,0.00,0.00,4.60,33.30,1126.40,56.33,0.08,74.03,1.00,115.75,1.62
2023-04-28 18:00:00,30.37,35.50,23.87,1.53,2.57,7.70,104.50,0.00,0.00,0.00,4.60,33.30,1126.40,68.42,0.00,4.78,1.00,111.50,1.18
2023-04-28 19:00:00,29.60,34.57,24.06,1.34,2.17,7.70,107.58,0.00,0.00,0.00,4.60,33.30,1126.40,72.25,0.00,0.00,1.00,110.83,1.03
2023-04-28 20:00:00,29.15,34.50,24.68,0.76,1.72,7.70,119.00,0.00,0.00,0.00,4.60,33.30,1126.40,76.83,0.00,0.00,1.00,126.58,0.93
2023-04-28 21:00:00,28.70,33.72,24.68,1.09,2.24,7.70,113.50,0.00,0.00,0.00,4.60,33.30,1126.40,78.92,0.00,0.00,1.00,107.33,1.09
2023-04-28 22:00:00,28.45,32.95,24.35,0.97,1.80,7.70,163.92,0.00,0.00,0.00,4.60,33.30,1126.40,78.50,0.00,0.00,1.00,155.17,0.84
2023-04-28 23:00:00,28.14,32.46,24.32,0.50,1.26,7.70,173.17,0.00,0.00,0.00,4.60,33.30,1126.40,79.92,0.00,0.00,1.00,170.67,0.58
2023-04-29 00:00:00,27.82,31.95,24.52,0.70,1.26,2.88,167.42,0.00,0.00,0.00,4.60,33.30,1126.40,82.42,0.00,0.00,1.00,151.75,0.77
2023-04-29 01:00:00,27.61,31.57,24.47,0.48,1.04,3.10,148.33,0.00,0.00,0.00,4.60,33.30,1126.40,83.00,0.00,0.00,1.00,162.67,0.56
2023-04-29 02:00:00,27.30,30.78,24.18,0.16,0.46,3.10,183.92,0.00,0.00,0.00,4.60,33.30,1126.40,83.25,0.00,0.00,1.00,185.42,0.12
2023-04-29 03:00:00,26.83,29.58,24.16,0.02,0.12,3.10,179.08,0.00,0.00,0.00,4.60,33.30,1126.40,85.17,0.00,0.00,1.00,182.25,0.00
2023-04-29 04:00:00,26.49,28.01,24.18,0.02,0.04,3.10,204.33,0.00,0.00,0.00,4.60,33.30,1126.40,87.17,0.00,0.00,1.00,196.33,0.00
2023-04-29 05:00:00,25.60,26.58,23.83,0.00,0.00,3.10,241.00,0.00,0.00,0.00,4.60,33.30,1126.40,90.17,0.00,0.13,1.00,236.92,0.00
2023-04-29 06:00:00,26.22,27.84,24.02,0.00,0.00,3.10,223.50,0.00,0.00,0.00,4.60,33.30,1126.40,87.83,0.00,46.14,1.00,217.83,0.00
2023-04-29 07:00:00,27.93,32.00,24.31,0.35,0.96,3.10,216.67,0.00,0.00,0.00,4.60,33.30,1126.40,80.75,1.25,168.03,1.00,213.33,0.44
2023-04-29 08:00:00,29.79,35.36,24.55,0.56,1.17,3.10,197.58,0.00,0.00,0.00,4.60,33.30,1126.40,73.58,3.17,367.08,1.00,190.75,0.68
2023-04-29 09:00:00,31.43,37.88,24.60,1.03,1.64,3.10,169.25,0.00,0.00,0.00,4.60,33.30,1126.40,67.33,6.42,712.81,1.00,162.92,0.78
2023-04-29 10:00:00,32.96,39.61,24.31,0.78,1.76,3.10,165.67,0.00,0.00,0.00,4.60,33.30,1126.40,60.67,6.17,674.77,1.00,171.92,0.85
2023-04-29 11:00:00,33.35,39.69,23.97,1.12,1.93,3.10,204.00,0.00,0.00,0.00,4.60,33.30,1126.40,58.08,5.17,593.17,1.00,176.25,1.10
2023-04-29 12:00:00,34.78,41.38,23.78,0.95,1.94,3.35,153.17,0.00,0.00,0.00,4.60,33.30,1126.40,53.08,5.83,649.07,1.00,208.92,0.90
2023-04-29 13:00:00,35.52,42.18,23.66,1.29,2.48,3.60,162.08,0.00,0.00,0.00,4.60,33.30,1126.40,50.50,6.33,708.92,1.00,150.83,1.16
2023-04-29 14:00:00,27.18,30.06,22.80,2.87,6.52,9.86,128.33,4.40,2.07,2.07,6.67,35.37,1128.47,78.17,0.83,136.64,1.00,120.42,2.96
2023-04-29 15:00:00,27.43,29.68,22.15,1.09,2.47,10.70,142.33,0.00,5.00,5.00,9.60,38.30,1131.40,73.67,2.33,290.41,1.00,123.17,1.12
2023-04-29 16:00:00,31.63,36.74,23.36,2.01,3.67,10.70,130.67,0.00,5.00,5.00,9.60,38.30,1131.40,61.75,2.33,284.57,1.00,115.83,1.78
2023-04-29 17:00:00,30.53,36.18,24.28,1.40,3.02,10.70,126.83,0.00,5.00,5.00,9.60,38.30,1131.40,69.42,0.17,71.67,1.00,126.00,1.62
2023-04-29 18:00:00,28.95,33.43,23.90,1.39,2.57,10.70,154.83,0.00,5.00,5.00,9.60,38.30,1131.40,74.42,0.00,6.45,1.00,156.17,1.54
2023-04-29 19:00:00,28.22,32.23,23.82,0.63,1.08,10.70,175.00,0.00,5.00,5.00,9.60,38.30,1131.40,77.08,0.00,0.00,1.00,171.58,0.70
2023-04-29 20:00:00,28.08,31.92,23.78,0.79,1.47,10.70,154.75,0.00,5.00,5.00,9.60,38.30,1131.40,77.50,0.00,0.00,1.00,167.83,0.69
2023-04-29 21:00:00,27.73,31.38,23.88,0.86,1.69,10.70,143.92,0.00,5.00,5.00,9.60,38.30,1131.40,79.67,0.00,0.00,1.00,170.67,0.92
2023-04-29 22:00:00,27.42,31.00,24.17,0.52,0.92,10.70,155.17,0.00,5.00,5.00,9.60,38.30,1131.40,82.75,0.00,0.00,1.00,169.17,0.42
2023-04-29 23:00:00,26.89,29.53,24.15,0.20,0.46,10.70,217.67,0.00,5.00,5.00,9.60,38.30,1131.40,84.92,0.00,0.00,1.00,222.00,0.14
2023-04-30 00:00:00,25.96,26.88,23.54,0.00,0.00,0.42,205.75,0.00,5.00,0.00,0.00,38.30,1131.40,86.50,0.00,0.00,1.00,218.50,0.00
2023-04-30 01:00:00,25.68,26.57,23.49,0.00,0.00,1.00,224.67,0.00,5.00,0.00,0.00,38.30,1131.40,87.67,0.00,0.00,1.00,222.83,0.00
2023-04-30 02:00:00,25.50,26.50,23.73,0.00,0.04,1.00,233.17,0.00,5.00,0.00,0.00,38.30,1131.40,90.08,0.00,0.00,1.00,233.83,0.00
2023-04-30 03:00:00,25.42,26.40,23.90,0.00,0.04,1.00,226.08,0.00,5.00,0.00,0.00,38.30,1131.40,91.42,0.00,0.00,1.00,228.67,0.00
2023-04-30 04:00:00,25.57,26.57,23.96,0.00,0.00,1.00,184.67,0.00,5.00,0.00,0.00,38.30,1131.40,90.83,0.00,0.00,1.00,186.75,0.00
2023-04-30 05:00:00,25.50,26.50,23.99,0.00,0.00,1.00,214.83,0.00,5.00,0.00,0.00,38.30,1131.40,91.42,0.00,0.03,1.00,214.08,0.00
2023-04-30 06:00:00,25.25,26.26,24.07,0.00,0.00,1.00,243.17,0.00,5.00,0.00,0.00,38.30,1131.40,93.08,0.00,37.95,1.00,232.08,0.00
2023-04-30 07:00:00,26.78,29.26,24.33,0.38,0.54,1.21,252.00,0.00,5.00,0.00,0.00,38.30,1131.40,86.67,0.92,144.26,1.00,247.08,0.23
2023-04-30 08:00:00,29.11,34.00,24.28,0.50,1.00,1.67,150.33,0.00,5.00,0.00,0.00,38.30,1131.40,75.33,3.67,425.25,1.00,200.25,0.52
2023-04-30 09:00:00,31.14,37.14,24.33,0.73,1.33,2.00,209.17,0.00,5.00,0.00,0.00,38.30,1131.40,67.25,6.33,697.06,1.00,197.50,0.57
2023-04-30 10:00:00,31.88,37.59,23.85,0.84,1.47,3.60,217.75,0.00,5.00,0.00,0.00,38.30,1131.40,62.67,5.25,574.45,1.00,212.00,0.81
2023-04-30 11:00:00,33.61,39.94,23.88,1.60,2.96,4.43,146.00,0.00,5.00,0.00,0.00,38.30,1131.40,56.92,6.67,740.98,1.00,143.42,1.58
2023-04-30 12:00:00,33.87,39.87,23.54,2.07,3.38,5.18,153.00,0.00,5.00,0.00,0.00,38.30,1131.40,55.00,5.75,646.87,1.00,157.67,1.95
2023-04-30 13:00:00,34.57,40.47,23.28,2.11,3.93,5.60,142.00,0.00,5.00,0.00,0.00,38.30,1131.40,52.08,6.25,686.43,1.00,128.75,1.86
2023-04-30 14:00:00,34.69,40.45,23.13,2.02,3.46,6.10,162.92,0.00,1.67,0.00,0.00,38.30,1131.40,51.33,4.25,482.73,1.00,144.50,1.86
2023-04-30 15:00:00,33.68,39.88,23.75,1.66,3.32,6.60,157.50,0.00,0.00,0.00,0.00,38.30,1131.40,56.42,2.00,256.86,1.00,148.75,1.57
2023-04-30 16:00:00,32.10,37.83,23.78,1.72,3.84,6.60,147.25,0.00,0.00,0.00,0.00,38.30,1131.40,61.67,1.25,177.08,1.00,139.67,2.07
2023-04-30 17:00:00,31.62,36.27,22.94,1.67,3.33,6.60,159.58,0.00,0.00,0.00,0.00,38.30,1131.40,60.25,0.17,62.80,1.00,156.67,1.86
2023-04-30 18:00:00,30.63,35.44,23.43,1.48,2.89,6.60,141.83,0.00,0.00,0.00,0.00,38.30,1131.40,65.58,0.00,5.21,1.00,143.33,1.56
2023-04-30 19:00:00,29.96,34.98,23.91,1.60,3.12,6.60,141.25,0.00,0.00,0.00,0.00,38.30,1131.40,70.25,0.00,0.00,1.00,145.58,1.62
2023-04-30 20:00:00,29.53,34.06,23.59,1.94,3.11,6.60,149.33,0.00,0.00,0.00,0.00,38.30,1131.40,70.58,0.00,0.00,1.00,144.50,1.53
2023-04-30 21:00:00,28.91,33.32,23.86,1.63,3.25,6.60,151.33,0.00,0.00,0.00,0.00,38.30,1131.40,74.25,0.00,0.00,1.00,145.92,1.73
2023-04-30 22:00:00,28.37,32.50,23.87,1.07,2.08,6.60,153.33,0.00,0.00,0.00,0.00,38.30,1131.40,76.75,0.00,0.00,1.00,153.83,1.03
2023-04-30 23:00:00,27.91,31.88,24.14,0.98,1.89,6.60,166.83,0.00,0.00,0.00,0.00,38.30,1131.40,80.17,0.00,0.00,1.00,157.08,1.03
2023-05-01 00:00:00,27.73,31.52,24.03,0.72,1.21,1.58,147.08,0.00,0.00,0.00,0.00,0.00,1131.40,80.42,0.00,0.00,1.00,151.25,0.69
2023-05-01 01:00:00,27.76,31.22,23.57,0.76,1.72,2.48,161.25,0.00,0.00,0.00,0.00,0.00,1131.40,78.08,0.00,0.00,1.00,156.67,0.92
2023-05-01 02:00:00,27.49,30.77,23.53,0.72,1.29,3.10,159.42,0.00,0.00,0.00,0.00,0.00,1131.40,79.17,0.00,0.00,1.00,163.67,0.79
2023-05-01 03:00:00,27.44,30.51,23.29,0.58,1.56,3.10,185.42,0.00,0.00,0.00,0.00,0.00,1131.40,78.25,0.00,0.00,1.00,189.58,0.68
2023-05-01 04:00:00,27.10,29.77,22.87,0.91,1.76,3.10,173.17,0.00,0.00,0.00,0.00,0.00,1131.40,77.83,0.00,0.00,1.00,175.92,0.94
2023-05-01 05:00:00,26.74,28.48,22.82,0.36,0.83,3.10,229.08,0.00,0.00,0.00,0.00,0.00,1131.40,79.08,0.00,0.07,1.00,220.08,0.47
2023-05-01 06:00:00,26.60,27.84,23.17,0.48,0.71,3.10,262.17,0.00,0.00,0.00,0.00,0.00,1131.40,81.42,0.00,36.06,1.00,245.08,0.36
2023-05-01 07:00:00,27.78,30.93,23.03,0.63,0.96,3.10,257.83,0.00,0.00,0.00,0.00,0.00,1131.40,75.50,1.17,165.58,1.00,267.08,0.56
2023-05-01 08:00:00,29.29,33.68,23.59,0.90,1.54,3.10,226.08,0.00,0.00,0.00,0.00,0.00,1131.40,71.58,3.25,394.25,1.00,225.75,0.88
2023-05-01 09:00:00,30.50,35.51,23.68,0.94,1.68,3.10,209.75,0.00,0.00,0.00,0.00,0.00,1131.40,67.08,4.83,533.67,1.00,211.42,0.88
2023-05-01 10:00:00,32.48,38.35,23.77,0.99,1.54,3.10,184.33,0.00,0.00,0.00,0.00,0.00,1131.40,60.33,6.67,722.68,1.00,191.33,0.97
2023-05-01 11:00:00,33.95,39.63,23.26,0.83,1.64,3.10,192.08,0.00,0.00,0.00,0.00,0.00,1131.40,53.92,6.50,729.02,1.00,214.58,0.86
2023-05-01 12:00:00,35.14,40.18,22.41,1.03,2.11,3.23,203.83,0.00,0.00,0.00,0.00,0.00,1131.40,47.92,6.92,761.11,1.00,200.83,1.07
2023-05-01 13:00:00,34.69,40.43,23.12,1.00,2.03,3.60,163.25,0.00,0.00,0.00,0.00,0.00,1131.40,51.50,3.42,388.30,1.00,146.08,1.02
2023-05-01 14:00:00,29.63,34.07,23.57,1.54,4.05,6.68,84.00,0.00,0.00,0.00,0.00,0.00,1131.40,70.42,0.92,154.49,1.00,52.08,1.72
2023-05-01 15:00:00,25.72,26.53,22.81,2.06,4.42,7.10,80.33,0.30,0.30,0.30,0.30,0.30,1131.70,83.92,0.92,141.76,1.00,85.33,1.92
2023-05-01 16:00:00,26.52,28.11,23.48,1.03,2.02,7.10,157.25,0.00,0.07,0.30,0.30,0.30,1131.70,83.42,0.33,101.38,1.00,158.25,1.14
2023-05-01 17:00:00,27.94,31.89,24.03,0.58,1.21,7.10,235.75,0.00,0.00,0.30,0.30,0.30,1131.70,79.42,0.00,23.19,1.00,227.42,0.61
2023-05-01 18:00:00,26.60,29.13,24.35,0.46,1.18,7.10,134.00,1.75,0.65,0.95,0.95,0.95,1132.35,87.67,0.00,0.69,1.00,149.08,0.42
2023-05-01 19:00:00,25.48,26.54,24.38,0.30,0.92,7.10,121.58,0.30,2.30,2.60,2.60,2.60,1134.00,93.50,0.00,0.00,1.00,145.50,0.22
2023-05-01 20:00:00,25.43,26.46,24.29,0.41,1.56,7.10,139.33,0.00,2.30,2.60,2.60,2.60,1134.00,93.58,0.00,0.00,1.00,106.25,0.41
2023-05-01 21:00:00,25.42,26.35,23.54,0.29,1.01,7.10,162.17,0.00,2.30,2.60,2.60,2.60,1134.00,89.58,0.00,0.00,1.00,127.67,0.28
2023-05-01 22:00:00,25.45,26.43,23.76,0.12,0.25,7.10,179.08,0.50,2.57,2.87,2.87,2.87,1134.27,90.50,0.00,0.00,1.00,183.50,0.04
2023-05-01 23:00:00,25.00,26.00,23.78,0.28,0.58,7.10,252.17,0.20,2.85,3.15,3.15,3.15,1134.55,92.92,0.00,0.00,1.00,239.08,0.22
